-- phpMyAdmin SQL Dump
-- version 4.5.1
-- http://www.phpmyadmin.net
--
-- Servidor: 127.0.0.1
-- Tiempo de generación: 05-12-2017 a las 23:29:07
-- Versión del servidor: 10.1.13-MariaDB
-- Versión de PHP: 5.6.23

SET SQL_MODE = "NO_AUTO_VALUE_ON_ZERO";
SET time_zone = "+00:00";


/*!40101 SET @OLD_CHARACTER_SET_CLIENT=@@CHARACTER_SET_CLIENT */;
/*!40101 SET @OLD_CHARACTER_SET_RESULTS=@@CHARACTER_SET_RESULTS */;
/*!40101 SET @OLD_COLLATION_CONNECTION=@@COLLATION_CONNECTION */;
/*!40101 SET NAMES utf8mb4 */;

--
-- Base de datos: `gcdb`
--

DELIMITER $$
--
-- Procedimientos
--
DROP PROCEDURE IF EXISTS `sp_infoCampania`$$
CREATE DEFINER=`root`@`localhost` PROCEDURE `sp_infoCampania` (IN `ID_CampanniaC` VARCHAR(20))  BEGIN
SET @totalLlamadas = (SELECT TOTAL_LLAMADAS FROM view_campannas_info WHERE ID_Campannas = ID_CampanniaC );
SET @tiempoPro = (SELECT TIEMPO_PROMEDIO FROM view_campannas_info WHERE ID_Campannas = ID_CampanniaC );
SET @tiempoTotal = (SELECT TIEMPO_TOTAL FROM view_campannas_info WHERE ID_Campannas = ID_CampanniaC );
SET @realMonto = (SELECT SUM(MONTO_REAL) FROM view_monto_clientes WHERE ID_Campannas = ID_CampanniaC );
SET @unidad = (SELECT SUM(Unidad) FROM campanna_registros WHERE ID_Campannas = ID_CampanniaC);

SELECT 
cm.ID_Campannas AS ID_Campannas,
cm.Nombre AS nombre,
cm.Fecha_Inicio AS fechaInicio,
cm.Fecha_Cierre AS fechaCierre,
cm.Meta AS meta,
cm.Observaciones AS observacion,
cm.Mensaje AS mensaje,
IF(ISNULL(@totalLlamadas),0, @totalLlamadas) AS totalLlamadas,
IF(ISNULL(@tiempoPro),0, @tiempoPro) AS tiempoPromedio,
IF(ISNULL(@tiempoTotal),0, @tiempoTotal) AS tiempoTotal,
IF(ISNULL(@realMonto),0,@realMonto) AS montoReal,
IF(ISNULL(@unidad),0, @unidad) AS unidad

FROM campanna cm




WHERE cm.ID_Campannas = ID_CampanniaC;

END$$

DROP PROCEDURE IF EXISTS `sp_infoCliente`$$
CREATE DEFINER=`root`@`localhost` PROCEDURE `sp_infoCliente` (IN `idClienteC` VARCHAR(50))  begin
	SELECT 
		cr.ID_Campannas AS campania,
		SUM(cr.Monto) AS monto,
		SUM(cr.Unidad) AS  unidad,
		cc.Meta AS meta,
		cl.Nombre AS nombre,
		cl.Direccion AS direccion,
		cl.Telefono1 AS telefono1,
		cl.Telefono2 AS telefono2,
		cl.Telefono3 AS Telefono3,
		cl.ID_Cliente as idCliente,
		cl.Vendedor AS agente,
		COUNT(cr.ID_Campannas) AS cantllamadas
	FROM clientes cl
	INNER JOIN campanna_cliente cc ON cl.ID_Cliente = cc.ID_Cliente
	INNER JOIN campanna_registros cr ON cc.ID_Cliente = cr.ID_CLIENTE
	WHERE cl.ID_CLIENTE = idClienteC AND cc.ID_Campannas = cr.ID_Campannas
	GROUP BY cr.ID_Campannas
 
UNION
 
		SELECT 
		cc.ID_Campannas AS campania,
		'0' AS monto,
		'0' AS unidad,
		cc.Meta AS meta,
		cl.Nombre AS nombre,
		cl.Direccion AS direccion,
		cl.Telefono1 AS telefono1,
		cl.Telefono2 AS telefono2,
		cl.Telefono3 AS Telefono3,
		cl.ID_Cliente as idCliente,
		cl.Vendedor AS agente,
		'0' AS cantllamadas
	FROM clientes cl
	INNER JOIN campanna_cliente cc ON cl.ID_Cliente = cc.ID_Cliente	
	WHERE cc.ID_Campannas NOT IN (SELECT cr.ID_Campannas FROM campanna_registros cr WHERE ID_Cliente = idClienteC ) AND
	cc.ID_Campannas IN (SELECT cc.ID_Campannas FROM campanna_asignacion cc) AND cl.ID_CLIENTE = idClienteC
	GROUP BY cc.ID_Campannas;
end$$

DROP PROCEDURE IF EXISTS `sp_infoGeneral`$$
CREATE DEFINER=`root`@`localhost` PROCEDURE `sp_infoGeneral` (IN `campaniaC` VARCHAR(50), IN `agenteC` VARCHAR(50), IN `clienteC` VARCHAR(50), IN `f1` DATETIME, IN `f2` DATETIME)  BEGIN
SELECT
	cpr.ID_Campannas AS campania,
	cl.ID_Cliente AS idCliente,
	cl.Nombre AS nombre,
	SUM(cpr.Monto) AS recuperado,
	SUM(cpr.Monto) AS real1,
	COUNT(cpr.ID_CLIENTE) AS cantLlamadas
FROM campanna_registros cpr INNER JOIN clientes cl ON cpr.ID_CLIENTE=cl.ID_Cliente
WHERE cpr.ID_CLIENTE LIKE clienteC AND cpr.ID_Usuario like agenteC AND cpr.ID_Campannas LIKE campaniaC
AND cpr.Fecha BETWEEN f1 AND f2
GROUP BY cpr.ID_CLIENTE, cpr.ID_Campannas
ORDER BY cpr.ID_Campannas ASC;
END$$

DROP PROCEDURE IF EXISTS `sp_infoLlamadas`$$
CREATE DEFINER=`root`@`localhost` PROCEDURE `sp_infoLlamadas` (IN `extUser` VARCHAR(20), IN `f1` DATETIME, IN `f2` DATETIME)  BEGIN
SELECT
	us.IdUser AS IdUser,
	us.EXT AS EXT,
	us.Nombre AS Nombre,
	cmr.Fecha AS Fecha,
	cmr.Hora AS Hora,
	cmr.Num_CLI AS Num_CLI,
	cmr.Duracion AS Duracion,
	cmr.Monto AS Monto,
(SELECT SEC_TO_TIME(SUM(TIME_TO_SEC(Duracion))) FROM campanna_registros
WHERE Fecha BETWEEN f1 AND f2 AND EXT LIKE extUser ) as tt
FROM
	campanna_registros cmr
INNER JOIN usuario us ON cmr.ID_Usuario = us.IdUser
WHERE
	cmr.EXT LIKE extUser AND cmr.Fecha BETWEEN f1 AND f2;
END$$

DROP PROCEDURE IF EXISTS `sp_infoUsuario`$$
CREATE DEFINER=`root`@`localhost` PROCEDURE `sp_infoUsuario` (IN `ID_UsuarioC` INT(11), IN `desde` DATETIME, IN `hasta` DATETIME)  BEGIN
SET @tiempoON = 
(SELECT SEC_TO_TIME(SUM(TIME_TO_SEC(Tiempo_Total))) 
FROM usuario_registros WHERE Tipo = 'ON' AND ID_Usuario = ID_UsuarioC
AND FechaInicio > desde AND FechaFinal < hasta);

SET @tiempoPAUSA =
(SELECT SEC_TO_TIME(SUM(TIME_TO_SEC(Tiempo_Total))) AS horasPAUSA
FROM usuario_registros WHERE Tipo = 'PAUSA' AND ID_Usuario = ID_UsuarioC
AND FechaInicio >= desde AND FechaFinal <= hasta);

SELECT IF(ISNULL(@tiempoON),0, @tiempoON) AS tiempoON,
IF(ISNULL(@tiempoPAUSA),0, @tiempoPAUSA) AS tiempoPAUSA,
IF(ISNULL(TIMEDIFF(IFNULL(@tiempoON, CONVERT ('00:00:00', time)), IFNULL(@tiempoPAUSA,CONVERT ('00:00:00', time)))), 0, 
TIMEDIFF(IFNULL(@tiempoON, CONVERT ('00:00:00', time)), IFNULL(@tiempoPAUSA,CONVERT ('00:00:00', time)))) AS tiempoTotal,
us.IdUser AS IdUser,
us.Nombre AS nombre,
us.Usuario AS usuario,
us.Activo as activo,
desde AS fecha1,
hasta AS fecha2
FROM usuario us
WHERE IdUser = ID_UsuarioC
GROUP BY usuario;

END$$

DROP PROCEDURE IF EXISTS `sp_lista_clientes`$$
CREATE DEFINER=`root`@`localhost` PROCEDURE `sp_lista_clientes` (IN `campania` VARCHAR(12), IN `usuarioC` INT)  BEGIN
SELECT
	cl.ID_Cliente AS ID_Cliente,
	cl.Nombre AS Nombre
FROM
	campanna_asignacion ca
INNER JOIN grupos gp ON gp.IdResponsable = ca.ID_Usuario
INNER JOIN grupo_asignacion ga ON gp.IdGrupo = ga.IdGrupo
INNER JOIN clientes cl ON cl.Vendedor = ga.Vendedor
WHERE
	ca.ID_Campannas = campania AND gp.IdResponsable = usuarioC ;

END$$

DELIMITER ;

-- --------------------------------------------------------

--
-- Estructura de tabla para la tabla `campanna`
--

DROP TABLE IF EXISTS `campanna`;
CREATE TABLE `campanna` (
  `ID_Campannas` varchar(10) DEFAULT NULL,
  `Nombre` varchar(100) DEFAULT NULL,
  `Fecha_Inicio` datetime DEFAULT NULL,
  `Fecha_Cierre` datetime DEFAULT NULL,
  `Estado` int(5) DEFAULT NULL,
  `Activo` int(5) DEFAULT NULL,
  `Meta` decimal(10,2) DEFAULT NULL,
  `Observaciones` varchar(500) DEFAULT NULL,
  `Mensaje` varchar(500) DEFAULT NULL,
  `Fecha_Creacion` datetime DEFAULT NULL,
  `Fecha_ultima_actualizado` datetime DEFAULT NULL,
  `ID_Usuario` int(11) DEFAULT NULL
) ENGINE=InnoDB DEFAULT CHARSET=latin1;

--
-- Volcado de datos para la tabla `campanna`
--

INSERT INTO `campanna` (`ID_Campannas`, `Nombre`, `Fecha_Inicio`, `Fecha_Cierre`, `Estado`, `Activo`, `Meta`, `Observaciones`, `Mensaje`, `Fecha_Creacion`, `Fecha_ultima_actualizado`, `ID_Usuario`) VALUES
('CP-00001', 'venta cruzada', '2017-11-07 00:00:00', '2017-11-30 00:00:00', 1, 1, '581591.00', 'Pendiente', 'Pendiente', '2017-11-07 14:41:47', NULL, 5),
('CP-00002', 'prueb', '2017-11-20 00:00:00', '2017-11-25 00:00:00', 1, 1, '45000.00', 'D', 'D', '2017-11-20 11:06:54', NULL, 1),
('CP-00003', 'ddd', '2017-12-05 00:00:00', '2017-12-05 00:00:00', 1, 1, '45000.00', 'no', 'no', '2017-12-05 16:22:14', NULL, 1);

-- --------------------------------------------------------

--
-- Estructura de tabla para la tabla `campanna_asignacion`
--

DROP TABLE IF EXISTS `campanna_asignacion`;
CREATE TABLE `campanna_asignacion` (
  `ID_Campannas` varchar(10) DEFAULT NULL,
  `ID_Usuario` varchar(11) DEFAULT NULL,
  `Fecha_asignacion` datetime DEFAULT NULL
) ENGINE=InnoDB DEFAULT CHARSET=latin1;

--
-- Volcado de datos para la tabla `campanna_asignacion`
--

INSERT INTO `campanna_asignacion` (`ID_Campannas`, `ID_Usuario`, `Fecha_asignacion`) VALUES
('CP-00001', '2', '2017-11-08 10:36:39'),
('CP-00001', '4', '2017-11-08 10:36:39'),
('CP-00002', '2', '2017-11-20 11:06:54'),
('CP-00002', '3', '2017-11-20 11:06:54'),
('CP-00002', '4', '2017-11-20 11:06:54'),
('CP-00003', '2', '2017-12-05 16:22:14');

-- --------------------------------------------------------

--
-- Estructura de tabla para la tabla `campanna_cliente`
--

DROP TABLE IF EXISTS `campanna_cliente`;
CREATE TABLE `campanna_cliente` (
  `ID_Campannas` varchar(10) DEFAULT NULL,
  `ID_Cliente` varchar(10) DEFAULT NULL,
  `Meta` decimal(10,0) DEFAULT NULL
) ENGINE=InnoDB DEFAULT CHARSET=latin1;

--
-- Volcado de datos para la tabla `campanna_cliente`
--

INSERT INTO `campanna_cliente` (`ID_Campannas`, `ID_Cliente`, `Meta`) VALUES
('CP-00001', '00718', '207'),
('CP-00001', '00828', '284'),
('CP-00001', '00835', '132'),
('CP-00001', '00873', '57'),
('CP-00001', '00949', '8520'),
('CP-00001', '00965', '509'),
('CP-00001', '00970', '647'),
('CP-00001', '01059', '6258'),
('CP-00001', '01097', '568'),
('CP-00001', '01098', '170'),
('CP-00001', '01105', '341'),
('CP-00001', '01107', '227'),
('CP-00001', '01202', '1044'),
('CP-00001', '01203', '2273'),
('CP-00001', '01206', '170'),
('CP-00001', '01294', '247'),
('CP-00001', '01310', '273'),
('CP-00001', '01419', '318'),
('CP-00001', '01533', '709'),
('CP-00001', '01780', '79'),
('CP-00001', '01791', '2952'),
('CP-00001', '01802', '1640'),
('CP-00001', '01951', '110'),
('CP-00001', '01964', '170'),
('CP-00001', '02021', '135'),
('CP-00001', '02551', '273'),
('CP-00001', '02562', '371'),
('CP-00001', '02563', '79'),
('CP-00001', '03006', '109'),
('CP-00001', '03031', '57'),
('CP-00001', '03060', '57'),
('CP-00001', '03061', '265'),
('CP-00001', '03064', '85'),
('CP-00001', '03072', '114'),
('CP-00001', '03094', '259'),
('CP-00001', '03146', '1130'),
('CP-00001', '03147', '398'),
('CP-00001', '03196', '375'),
('CP-00001', '03233', '365'),
('CP-00001', '03265', '57'),
('CP-00001', '03328', '1098'),
('CP-00001', '03378', '284'),
('CP-00001', '03409', '109'),
('CP-00001', '03440', '53'),
('CP-00001', '03460', '284'),
('CP-00001', '03498', '265'),
('CP-00001', '03511', '5680'),
('CP-00001', '03580', '326'),
('CP-00001', '03616', '136'),
('CP-00001', '00066', '655'),
('CP-00001', '00068', '7697'),
('CP-00001', '00077', '725'),
('CP-00001', '00087', '710'),
('CP-00001', '00702', '483'),
('CP-00001', '01077', '212'),
('CP-00001', '01221', '4060'),
('CP-00001', '01285', '2462'),
('CP-00001', '01290', '114'),
('CP-00001', '01297', '591'),
('CP-00001', '01313', '1136'),
('CP-00001', '01318', '545'),
('CP-00001', '01322', '332'),
('CP-00001', '01327', '398'),
('CP-00001', '01427', '2851'),
('CP-00001', '01542', '398'),
('CP-00001', '01647', '545'),
('CP-00001', '01653', '91'),
('CP-00001', '01678', '53'),
('CP-00001', '01684', '26022'),
('CP-00001', '01758', '449'),
('CP-00001', '01799', '170'),
('CP-00001', '02001', '667'),
('CP-00001', '02068', '114'),
('CP-00001', '02419', '530'),
('CP-00001', '02594', '284'),
('CP-00001', '03050', '780'),
('CP-00001', '03131', '530'),
('CP-00001', '03274', '3124'),
('CP-00001', '03279', '53'),
('CP-00001', '03335', '651'),
('CP-00001', '03521', '1479'),
('CP-00001', '03603', '114'),
('CP-00001', '00005', '711'),
('CP-00001', '00007', '212'),
('CP-00001', '00014', '106'),
('CP-00001', '00015', '709'),
('CP-00001', '00019', '496'),
('CP-00001', '00022', '1572'),
('CP-00001', '00024', '710'),
('CP-00001', '00025', '303'),
('CP-00001', '00031', '1291'),
('CP-00001', '00161', '273'),
('CP-00001', '00667', '383'),
('CP-00001', '00668', '1406'),
('CP-00001', '00670', '53'),
('CP-00001', '00774', '189'),
('CP-00001', '00785', '465'),
('CP-00001', '00976', '405'),
('CP-00001', '00977', '250'),
('CP-00001', '00978', '284'),
('CP-00001', '00982', '1420'),
('CP-00001', '01087', '318'),
('CP-00001', '01094', '1677'),
('CP-00001', '01692', '424'),
('CP-00001', '01712', '159'),
('CP-00001', '01782', '57'),
('CP-00001', '01843', '492'),
('CP-00001', '01852', '164'),
('CP-00001', '01857', '57'),
('CP-00001', '01860', '343'),
('CP-00001', '01865', '7518'),
('CP-00001', '01870', '57'),
('CP-00001', '01899', '776'),
('CP-00001', '01916', '57'),
('CP-00001', '01978', '902'),
('CP-00001', '01986', '284'),
('CP-00001', '02255', '53'),
('CP-00001', '02310', '568'),
('CP-00001', '02449', '170'),
('CP-00001', '02475', '1420'),
('CP-00001', '02485', '106'),
('CP-00001', '02490', '212'),
('CP-00001', '02544', '106'),
('CP-00001', '02578', '110'),
('CP-00001', '03003', '10918'),
('CP-00001', '03028', '396'),
('CP-00001', '03036', '79'),
('CP-00001', '03045', '530'),
('CP-00001', '03096', '53'),
('CP-00001', '03098', '530'),
('CP-00001', '03113', '106'),
('CP-00001', '03119', '167'),
('CP-00001', '03153', '212'),
('CP-00001', '03173', '53'),
('CP-00001', '03191', '758'),
('CP-00001', '03195', '212'),
('CP-00001', '03225', '710'),
('CP-00001', '03257', '321'),
('CP-00001', '03268', '1192'),
('CP-00001', '03288', '57'),
('CP-00001', '03339', '227'),
('CP-00001', '03343', '794'),
('CP-00001', '03361', '264'),
('CP-00001', '03388', '284'),
('CP-00001', '03406', '227'),
('CP-00001', '03412', '170'),
('CP-00001', '03423', '79'),
('CP-00001', '03424', '284'),
('CP-00001', '03426', '439'),
('CP-00001', '03439', '57'),
('CP-00001', '03446', '79'),
('CP-00001', '03454', '57'),
('CP-00001', '03458', '53'),
('CP-00001', '03465', '879'),
('CP-00001', '03489', '53'),
('CP-00001', '03496', '265'),
('CP-00001', '03499', '376'),
('CP-00001', '03502', '159'),
('CP-00001', '03513', '114'),
('CP-00001', '03528', '57'),
('CP-00001', '03532', '114'),
('CP-00001', '03545', '299'),
('CP-00001', '03552', '114'),
('CP-00001', '03576', '53'),
('CP-00001', '03578', '212'),
('CP-00001', '03597', '227'),
('CP-00001', '00125', '212'),
('CP-00001', '00165', '114'),
('CP-00001', '00167', '829'),
('CP-00001', '00170', '284'),
('CP-00001', '00175', '238'),
('CP-00001', '00178', '1255'),
('CP-00001', '00181', '13920'),
('CP-00001', '00182', '284'),
('CP-00001', '00183', '548'),
('CP-00001', '00196', '164'),
('CP-00001', '00962', '2125'),
('CP-00001', '01461', '371'),
('CP-00001', '01465', '814'),
('CP-00001', '01467', '644'),
('CP-00001', '01562', '420'),
('CP-00001', '01569', '397'),
('CP-00001', '01571', '803'),
('CP-00001', '01574', '238'),
('CP-00001', '01578', '132'),
('CP-00001', '01579', '142'),
('CP-00001', '01583', '170'),
('CP-00001', '01584', '710'),
('CP-00001', '01585', '530'),
('CP-00001', '01590', '53'),
('CP-00001', '01591', '53'),
('CP-00001', '01690', '79'),
('CP-00001', '01691', '1420'),
('CP-00001', '01811', '264'),
('CP-00001', '01816', '530'),
('CP-00001', '01877', '1831'),
('CP-00001', '02031', '710'),
('CP-00001', '02046', '284'),
('CP-00001', '02162', '379'),
('CP-00001', '02224', '106'),
('CP-00001', '02237', '909'),
('CP-00001', '02238', '284'),
('CP-00001', '02253', '763'),
('CP-00001', '02557', '978'),
('CP-00001', '03000', '13940'),
('CP-00001', '03026', '530'),
('CP-00001', '03156', '1184'),
('CP-00001', '03178', '212'),
('CP-00001', '03179', '955'),
('CP-00001', '03379', '79'),
('CP-00001', '03430', '568'),
('CP-00001', '03461', '114'),
('CP-00001', '03529', '212'),
('CP-00001', '03534', '284'),
('CP-00001', '03536', '492'),
('CP-00001', '03551', '710'),
('CP-00001', '03565', '608'),
('CP-00001', '03586', '158'),
('CP-00001', '00114', '3372'),
('CP-00001', '00117', '530'),
('CP-00001', '00118', '79'),
('CP-00001', '00126', '110'),
('CP-00001', '00133', '53'),
('CP-00001', '00134', '170'),
('CP-00001', '00138', '8481'),
('CP-00001', '00142', '265'),
('CP-00001', '00146', '227'),
('CP-00001', '00217', '2213'),
('CP-00001', '00218', '163'),
('CP-00001', '00220', '284'),
('CP-00001', '00222', '317'),
('CP-00001', '00224', '1591'),
('CP-00001', '00228', '795'),
('CP-00001', '00235', '1324'),
('CP-00001', '00236', '164'),
('CP-00001', '00248', '568'),
('CP-00001', '00704', '185'),
('CP-00001', '00984', '284'),
('CP-00001', '01674', '91'),
('CP-00001', '01826', '53'),
('CP-00001', '01831', '79'),
('CP-00001', '01833', '57'),
('CP-00001', '01896', '548'),
('CP-00001', '01913', '922'),
('CP-00001', '01922', '8298'),
('CP-00001', '02009', '110'),
('CP-00001', '03001', '17833'),
('CP-00001', '03002', '284'),
('CP-00001', '03009', '3385'),
('CP-00001', '03053', '1370'),
('CP-00001', '03081', '227'),
('CP-00001', '03090', '530'),
('CP-00001', '03104', '106'),
('CP-00001', '03118', '110'),
('CP-00001', '03130', '273'),
('CP-00001', '03212', '284'),
('CP-00001', '03236', '359'),
('CP-00001', '03286', '53'),
('CP-00001', '03290', '639'),
('CP-00001', '03318', '264'),
('CP-00001', '03366', '53'),
('CP-00001', '03369', '284'),
('CP-00001', '03445', '1370'),
('CP-00001', '03462', '621'),
('CP-00001', '03493', '55'),
('CP-00001', '03507', '1206'),
('CP-00001', '03509', '1079'),
('CP-00001', '03560', '53'),
('CP-00001', '00001', '57'),
('CP-00001', '00538', '227'),
('CP-00001', '00622', '1121'),
('CP-00001', '00627', '218'),
('CP-00001', '00628', '542'),
('CP-00001', '00629', '628'),
('CP-00001', '00641', '479'),
('CP-00001', '00645', '212'),
('CP-00001', '00752', '1669'),
('CP-00001', '00753', '182'),
('CP-00001', '00754', '530'),
('CP-00001', '00758', '829'),
('CP-00001', '00759', '164'),
('CP-00001', '00763', '170'),
('CP-00001', '00764', '530'),
('CP-00001', '00766', '1974'),
('CP-00001', '00771', '371'),
('CP-00001', '00772', '795'),
('CP-00001', '00893', '279'),
('CP-00001', '00894', '2053'),
('CP-00001', '00896', '57'),
('CP-00001', '00987', '1045'),
('CP-00001', '00988', '852'),
('CP-00001', '00991', '496'),
('CP-00001', '00996', '2937'),
('CP-00001', '01003', '341'),
('CP-00001', '01004', '568'),
('CP-00001', '01006', '5680'),
('CP-00001', '01007', '1326'),
('CP-00001', '01011', '1420'),
('CP-00001', '01018', '644'),
('CP-00001', '01020', '429'),
('CP-00001', '01109', '636'),
('CP-00001', '01120', '371'),
('CP-00001', '01123', '496'),
('CP-00001', '01338', '114'),
('CP-00001', '01906', '1106'),
('CP-00001', '02034', '284'),
('CP-00001', '02104', '371'),
('CP-00001', '02197', '589'),
('CP-00001', '02319', '496'),
('CP-00001', '02499', '284'),
('CP-00001', '03181', '3124'),
('CP-00001', '03278', '106'),
('CP-00001', '03303', '1893'),
('CP-00001', '03316', '852'),
('CP-00001', '03349', '227'),
('CP-00001', '03395', '57'),
('CP-00001', '03408', '114'),
('CP-00001', '03432', '655'),
('CP-00001', '03434', '170'),
('CP-00001', '03447', '4431'),
('CP-00001', '03562', '480'),
('CP-00001', '00147', '2356'),
('CP-00001', '00446', '284'),
('CP-00001', '00449', '2706'),
('CP-00001', '00454', '212'),
('CP-00001', '00457', '669'),
('CP-00001', '00462', '284'),
('CP-00001', '00465', '53'),
('CP-00001', '00469', '426'),
('CP-00001', '00470', '451'),
('CP-00001', '00476', '3830'),
('CP-00001', '00477', '114'),
('CP-00001', '00480', '568'),
('CP-00001', '00486', '479'),
('CP-00001', '00498', '2058'),
('CP-00001', '00501', '274'),
('CP-00001', '00510', '1439'),
('CP-00001', '00511', '212'),
('CP-00001', '00514', '79'),
('CP-00001', '00516', '79'),
('CP-00001', '00517', '822'),
('CP-00001', '00518', '2229'),
('CP-00001', '00519', '2055'),
('CP-00001', '00525', '428'),
('CP-00001', '00527', '708'),
('CP-00001', '00543', '57'),
('CP-00001', '00546', '2693'),
('CP-00001', '00550', '280'),
('CP-00001', '00554', '364'),
('CP-00001', '00561', '502'),
('CP-00001', '00563', '1068'),
('CP-00001', '00570', '1205'),
('CP-00001', '00571', '53'),
('CP-00001', '00590', '939'),
('CP-00001', '00591', '79'),
('CP-00001', '00592', '1225'),
('CP-00001', '00615', '114'),
('CP-00001', '00616', '2130'),
('CP-00001', '00679', '223'),
('CP-00001', '01407', '661'),
('CP-00001', '01413', '106'),
('CP-00001', '01880', '319'),
('CP-00001', '01929', '53'),
('CP-00001', '02145', '163'),
('CP-00001', '02212', '212'),
('CP-00001', '02278', '265'),
('CP-00001', '02291', '928'),
('CP-00001', '02337', '284'),
('CP-00001', '02359', '365'),
('CP-00001', '02365', '284'),
('CP-00001', '02414', '159'),
('CP-00001', '02416', '418'),
('CP-00001', '02417', '142'),
('CP-00001', '02421', '1042'),
('CP-00001', '02427', '1204'),
('CP-00001', '02522', '1420'),
('CP-00001', '02577', '218'),
('CP-00001', '03022', '114'),
('CP-00001', '03202', '167'),
('CP-00001', '03219', '961'),
('CP-00001', '03256', '1344'),
('CP-00001', '03392', '337'),
('CP-00001', '03437', '363'),
('CP-00001', '03441', '284'),
('CP-00001', '03474', '291'),
('CP-00001', '03555', '57'),
('CP-00001', '00274', '273'),
('CP-00001', '00276', '255'),
('CP-00001', '00278', '4034'),
('CP-00001', '00279', '284'),
('CP-00001', '00284', '284'),
('CP-00001', '00285', '568'),
('CP-00001', '00286', '227'),
('CP-00001', '00328', '6585'),
('CP-00001', '00329', '750'),
('CP-00001', '00330', '168'),
('CP-00001', '00332', '371'),
('CP-00001', '00333', '53'),
('CP-00001', '00334', '284'),
('CP-00001', '00361', '491'),
('CP-00001', '00363', '426'),
('CP-00001', '00371', '164'),
('CP-00001', '00381', '491'),
('CP-00001', '00385', '189'),
('CP-00001', '00387', '4616'),
('CP-00001', '00390', '26'),
('CP-00001', '00407', '158'),
('CP-00001', '00413', '699'),
('CP-00001', '00422', '114'),
('CP-00001', '00424', '426'),
('CP-00001', '00427', '922'),
('CP-00001', '00428', '114'),
('CP-00001', '00600', '708'),
('CP-00001', '00603', '93'),
('CP-00001', '00604', '284'),
('CP-00001', '00608', '354'),
('CP-00001', '00610', '1619'),
('CP-00001', '00611', '808'),
('CP-00001', '00674', '53'),
('CP-00001', '00867', '36'),
('CP-00001', '00948', '710'),
('CP-00001', '00967', '1420'),
('CP-00001', '01933', '341'),
('CP-00001', '02064', '540'),
('CP-00001', '02138', '106'),
('CP-00001', '02450', '273'),
('CP-00001', '02459', '426'),
('CP-00001', '03083', '53'),
('CP-00001', '03203', '549'),
('CP-00001', '03240', '284'),
('CP-00001', '03243', '57'),
('CP-00001', '03253', '110'),
('CP-00001', '03266', '814'),
('CP-00001', '03342', '284'),
('CP-00001', '03348', '852'),
('CP-00001', '03357', '164'),
('CP-00001', '03400', '85'),
('CP-00001', '03457', '284'),
('CP-00001', '03468', '57'),
('CP-00001', '03490', '682'),
('CP-00001', '03491', '426'),
('CP-00001', '03543', '568'),
('CP-00001', '03556', '496'),
('CP-00001', '03566', '352'),
('CP-00001', '03571', '212'),
('CP-00001', '03575', '284'),
('CP-00001', '03579', '436'),
('CP-00001', '03587', '79'),
('CP-00001', '03598', '170'),
('CP-00001', '03600', '167'),
('CP-00001', '00051', '136'),
('CP-00001', '00065', '57'),
('CP-00001', '00067', '1562'),
('CP-00001', '00082', '521'),
('CP-00001', '00693', '677'),
('CP-00001', '00711', '2585'),
('CP-00001', '00811', '1498'),
('CP-00001', '00824', '110'),
('CP-00001', '00829', '114'),
('CP-00001', '00953', '159'),
('CP-00001', '01065', '164'),
('CP-00001', '01177', '57'),
('CP-00001', '01182', '212'),
('CP-00001', '01254', '79'),
('CP-00001', '01284', '36'),
('CP-00001', '01291', '170'),
('CP-00001', '01311', '380'),
('CP-00001', '01378', '30331'),
('CP-00001', '01416', '227'),
('CP-00001', '01646', '220'),
('CP-00001', '01648', '727'),
('CP-00001', '01665', '106'),
('CP-00001', '01748', '540'),
('CP-00001', '01749', '79'),
('CP-00001', '01763', '741'),
('CP-00001', '01769', '284'),
('CP-00001', '01793', '644'),
('CP-00001', '01807', '170'),
('CP-00001', '02318', '844'),
('CP-00001', '02323', '816'),
('CP-00001', '03020', '284'),
('CP-00001', '03052', '170'),
('CP-00001', '03088', '57'),
('CP-00001', '03105', '1704'),
('CP-00001', '03115', '1594'),
('CP-00001', '03124', '1106'),
('CP-00001', '03374', '477'),
('CP-00001', '03385', '47655'),
('CP-00001', '03386', '93'),
('CP-00001', '03455', '303'),
('CP-00001', '03477', '106'),
('CP-00001', '03541', '167'),
('CP-00001', '00726', '273'),
('CP-00001', '00968', '1061'),
('CP-00001', '00971', '1326'),
('CP-00001', '01208', '272'),
('CP-00001', '01253', '1370'),
('CP-00001', '01349', '79'),
('CP-00001', '01354', '3479'),
('CP-00001', '01357', '79'),
('CP-00001', '01358', '110'),
('CP-00001', '01359', '284'),
('CP-00001', '01361', '363'),
('CP-00001', '01369', '795'),
('CP-00001', '01372', '79'),
('CP-00001', '01374', '2035'),
('CP-00001', '01375', '710'),
('CP-00001', '01488', '2374'),
('CP-00001', '01489', '284'),
('CP-00001', '01493', '284'),
('CP-00001', '01601', '73'),
('CP-00001', '01606', '568'),
('CP-00001', '01608', '57'),
('CP-00001', '01612', '854'),
('CP-00001', '01613', '291'),
('CP-00001', '01614', '692'),
('CP-00001', '02054', '264'),
('CP-00001', '02186', '109'),
('CP-00001', '02470', '53'),
('CP-00001', '02472', '193'),
('CP-00001', '02484', '1215'),
('CP-00001', '02525', '710'),
('CP-00001', '02596', '658'),
('CP-00001', '02597', '264'),
('CP-00001', '03004', '568'),
('CP-00001', '03108', '911'),
('CP-00001', '03122', '57'),
('CP-00001', '03138', '106'),
('CP-00001', '03140', '457'),
('CP-00001', '03142', '53'),
('CP-00001', '03148', '264'),
('CP-00001', '03151', '106'),
('CP-00001', '03175', '363'),
('CP-00001', '03183', '284'),
('CP-00001', '03185', '321'),
('CP-00001', '03220', '167'),
('CP-00001', '03276', '163'),
('CP-00001', '03277', '212'),
('CP-00001', '03280', '114'),
('CP-00001', '03287', '710'),
('CP-00001', '03289', '114'),
('CP-00001', '03298', '3821'),
('CP-00001', '03310', '264'),
('CP-00001', '03327', '284'),
('CP-00001', '03407', '264'),
('CP-00001', '03420', '264'),
('CP-00001', '03453', '170'),
('CP-00001', '03482', '212'),
('CP-00001', '03487', '79'),
('CP-00001', '03548', '79'),
('CP-00001', '03559', '3455'),
('CP-00001', '00036', '1775'),
('CP-00001', '00047', '6158'),
('CP-00001', '00057', '109'),
('CP-00001', '00192', '170'),
('CP-00001', '00809', '1505'),
('CP-00001', '00940', '57'),
('CP-00001', '01062', '2846'),
('CP-00001', '01071', '795'),
('CP-00001', '01073', '79'),
('CP-00001', '01168', '909'),
('CP-00001', '01187', '495'),
('CP-00001', '01287', '636'),
('CP-00001', '01307', '363'),
('CP-00001', '01421', '382'),
('CP-00001', '01425', '185'),
('CP-00001', '01530', '164'),
('CP-00001', '01630', '414'),
('CP-00001', '01681', '591'),
('CP-00001', '01753', '780'),
('CP-00001', '01771', '212'),
('CP-00001', '01788', '1011'),
('CP-00001', '01796', '1074'),
('CP-00001', '02103', '164'),
('CP-00001', '02332', '1294'),
('CP-00001', '02576', '79'),
('CP-00001', '03024', '694'),
('CP-00001', '03032', '284'),
('CP-00001', '03331', '57'),
('CP-00001', '03364', '57'),
('CP-00001', '03484', '79'),
('CP-00001', '03488', '110'),
('CP-00001', '03557', '212'),
('CP-00001', '00568', '227'),
('CP-00001', '00573', '1325'),
('CP-00001', '00574', '1704'),
('CP-00001', '00575', '284'),
('CP-00001', '00580', '625'),
('CP-00001', '00581', '390'),
('CP-00001', '00583', '212'),
('CP-00001', '00597', '426'),
('CP-00001', '00957', '159'),
('CP-00001', '00963', '309'),
('CP-00001', '02057', '284'),
('CP-00001', '02150', '5680'),
('CP-00001', '03018', '1420'),
('CP-00001', '03077', '568'),
('CP-00001', '03089', '710'),
('CP-00001', '03091', '114'),
('CP-00001', '03093', '79'),
('CP-00001', '03226', '549'),
('CP-00001', '03228', '212'),
('CP-00001', '03267', '5690'),
('CP-00001', '03295', '284'),
('CP-00001', '03315', '273'),
('CP-00001', '03347', '53'),
('CP-00001', '03358', '284'),
('CP-00001', '03417', '57'),
('CP-00001', '03459', '848'),
('CP-00001', '03481', '1325'),
('CP-00001', '03485', '284'),
('CP-00001', '03486', '394'),
('CP-00001', '03495', '1242'),
('CP-00001', '03497', '710'),
('CP-00001', '03516', '496'),
('CP-00001', '03537', '583'),
('CP-00001', '03542', '447'),
('CP-00001', '03547', '110'),
('CP-00001', '03553', '212'),
('CP-00001', '03554', '1420'),
('CP-00001', '03613', '164'),
('CP-00002', '00002', '1'),
('CP-00002', '00003', '1'),
('CP-00002', '00005', '1'),
('CP-00002', '00006', '1'),
('CP-00002', '00007', '1'),
('CP-00002', '00010', '1'),
('CP-00002', '00011', '1'),
('CP-00002', '00012', '1'),
('CP-00002', '00013', '1'),
('CP-00002', '00014', '1'),
('CP-00002', '00015', '1'),
('CP-00002', '00016', '1'),
('CP-00002', '00017', '1'),
('CP-00002', '00019', '1'),
('CP-00002', '00021', '1'),
('CP-00002', '00022', '1'),
('CP-00002', '00024', '1'),
('CP-00002', '00025', '1'),
('CP-00002', '00030', '1'),
('CP-00002', '00031', '1'),
('CP-00002', '00032', '1'),
('CP-00002', '00034', '1'),
('CP-00002', '00036', '1'),
('CP-00002', '00038', '1'),
('CP-00002', '00039', '1'),
('CP-00002', '00042', '1'),
('CP-00002', '00044', '1'),
('CP-00002', '00047', '1'),
('CP-00002', '00050', '1'),
('CP-00002', '00051', '1'),
('CP-00002', '00052', '1'),
('CP-00002', '00053', '1'),
('CP-00002', '00054', '1'),
('CP-00002', '00057', '1'),
('CP-00002', '00060', '1'),
('CP-00002', '00065', '1'),
('CP-00002', '00066', '1'),
('CP-00002', '00067', '1'),
('CP-00002', '00068', '1'),
('CP-00002', '00072', '1'),
('CP-00002', '00075', '1'),
('CP-00002', '00077', '1'),
('CP-00002', '00081', '1'),
('CP-00002', '03100', '1'),
('CP-00002', '03102', '1'),
('CP-00002', '03103', '1'),
('CP-00002', '03104', '1'),
('CP-00002', '03126', '1'),
('CP-00002', '03127', '1'),
('CP-00002', '03123', '1'),
('CP-00002', '03124', '1'),
('CP-00002', '00082', '1'),
('CP-00002', '03125', '1'),
('CP-00002', '03128', '1'),
('CP-00002', '03129', '1'),
('CP-00002', '03130', '1'),
('CP-00002', '03131', '1'),
('CP-00002', '03132', '1'),
('CP-00002', '03133', '1'),
('CP-00002', '03134', '1'),
('CP-00002', '00083', '1'),
('CP-00002', '03137', '1'),
('CP-00002', '03138', '1'),
('CP-00002', '03140', '1'),
('CP-00002', '03144', '1'),
('CP-00002', '03145', '1'),
('CP-00002', '03146', '1'),
('CP-00002', '03147', '1'),
('CP-00002', '03148', '1'),
('CP-00002', '03153', '1'),
('CP-00002', '03156', '1'),
('CP-00002', '03155', '1'),
('CP-00002', '03157', '1'),
('CP-00002', '00085', '1'),
('CP-00002', '03158', '1'),
('CP-00002', '03159', '1'),
('CP-00002', '03160', '1'),
('CP-00002', '03161', '1'),
('CP-00002', '03162', '1'),
('CP-00002', '03163', '1'),
('CP-00002', '03164', '1'),
('CP-00002', '03168', '1'),
('CP-00002', '03105', '1'),
('CP-00002', '03107', '1'),
('CP-00002', '03108', '1'),
('CP-00002', '03109', '1'),
('CP-00002', '03110', '1'),
('CP-00002', '00087', '1'),
('CP-00002', '03112', '1'),
('CP-00002', '03113', '1'),
('CP-00002', '03114', '1'),
('CP-00002', '03115', '1'),
('CP-00002', '03116', '1'),
('CP-00002', '03118', '1'),
('CP-00002', '03119', '1'),
('CP-00002', '03120', '1'),
('CP-00002', '03121', '1'),
('CP-00002', '03122', '1'),
('CP-00002', '03166', '1'),
('CP-00002', '03167', '1'),
('CP-00002', '03169', '1'),
('CP-00002', '03170', '1'),
('CP-00002', '00089', '1'),
('CP-00002', '00090', '1'),
('CP-00002', '00092', '1'),
('CP-00002', '00097', '1'),
('CP-00002', '00103', '1'),
('CP-00002', '00117', '1'),
('CP-00002', '00118', '1'),
('CP-00002', '00121', '1'),
('CP-00002', '00123', '1'),
('CP-00002', '00124', '1'),
('CP-00002', '00125', '1'),
('CP-00002', '00126', '1'),
('CP-00002', '00127', '1'),
('CP-00002', '00130', '1'),
('CP-00002', '00133', '1'),
('CP-00002', '00134', '1'),
('CP-00002', '00138', '1'),
('CP-00002', '00139', '1'),
('CP-00002', '00140', '1'),
('CP-00002', '00142', '1'),
('CP-00002', '00147', '1'),
('CP-00002', '00153', '1'),
('CP-00002', '00161', '1'),
('CP-00002', '00165', '1'),
('CP-00002', '00166', '1'),
('CP-00002', '00167', '1'),
('CP-00002', '00170', '1'),
('CP-00002', '00174', '1'),
('CP-00002', '00175', '1'),
('CP-00002', '00178', '1'),
('CP-00002', '00179', '1'),
('CP-00002', '00181', '1'),
('CP-00002', '00182', '1'),
('CP-00002', '00183', '1'),
('CP-00002', '00185', '1'),
('CP-00002', '00188', '1'),
('CP-00002', '00192', '1'),
('CP-00002', '00201', '1'),
('CP-00002', '00213', '1'),
('CP-00002', '00217', '1'),
('CP-00002', '00218', '1'),
('CP-00002', '00220', '1'),
('CP-00002', '00222', '1'),
('CP-00002', '00224', '1'),
('CP-00002', '00227', '1'),
('CP-00002', '00228', '1'),
('CP-00002', '00235', '1'),
('CP-00002', '00236', '1'),
('CP-00002', '00248', '1'),
('CP-00002', '00249', '1'),
('CP-00002', '00251', '1'),
('CP-00002', '00252', '1'),
('CP-00002', '00255', '1'),
('CP-00002', '00274', '1'),
('CP-00002', '00276', '1'),
('CP-00002', '00277', '1'),
('CP-00002', '00278', '1'),
('CP-00002', '00279', '1'),
('CP-00002', '00284', '1'),
('CP-00002', '00285', '1'),
('CP-00002', '00286', '1'),
('CP-00002', '00287', '1'),
('CP-00002', '00325', '1'),
('CP-00002', '00326', '1'),
('CP-00002', '00328', '1'),
('CP-00002', '00329', '1'),
('CP-00002', '00332', '1'),
('CP-00002', '00334', '1'),
('CP-00002', '00338', '1'),
('CP-00002', '00339', '1'),
('CP-00002', '00341', '1'),
('CP-00002', '00345', '1'),
('CP-00002', '00346', '1'),
('CP-00002', '00350', '1'),
('CP-00002', '00352', '1'),
('CP-00002', '00357', '1'),
('CP-00002', '00359', '1'),
('CP-00002', '00361', '1'),
('CP-00002', '00363', '1'),
('CP-00002', '00364', '1'),
('CP-00002', '00368', '1'),
('CP-00002', '00369', '1'),
('CP-00002', '00370', '1'),
('CP-00002', '00371', '1'),
('CP-00002', '00379', '1'),
('CP-00002', '00380', '1'),
('CP-00002', '00381', '1'),
('CP-00002', '00383', '1'),
('CP-00002', '00385', '1'),
('CP-00002', '00386', '1'),
('CP-00002', '00387', '1'),
('CP-00002', '00390', '1'),
('CP-00002', '00392', '1'),
('CP-00002', '00396', '1'),
('CP-00002', '00409', '1'),
('CP-00002', '00410', '1'),
('CP-00002', '00411', '1'),
('CP-00002', '00412', '1'),
('CP-00002', '00413', '1'),
('CP-00002', '00418', '1'),
('CP-00002', '00420', '1'),
('CP-00002', '00421', '1'),
('CP-00002', '00422', '1'),
('CP-00002', '00427', '1'),
('CP-00002', '00428', '1'),
('CP-00002', '00449', '1'),
('CP-00002', '00450', '1'),
('CP-00002', '00452', '1'),
('CP-00002', '00454', '1'),
('CP-00002', '00455', '1'),
('CP-00002', '00456', '1'),
('CP-00002', '00461', '1'),
('CP-00002', '00463', '1'),
('CP-00002', '00470', '1'),
('CP-00002', '00471', '1'),
('CP-00002', '00472', '1'),
('CP-00002', '00478', '1'),
('CP-00002', '00481', '1'),
('CP-00002', '00484', '1'),
('CP-00002', '00485', '1'),
('CP-00002', '00486', '1'),
('CP-00002', '00498', '1'),
('CP-00002', '00499', '1'),
('CP-00002', '00500', '1'),
('CP-00002', '00504', '1'),
('CP-00002', '00507', '1'),
('CP-00002', '00510', '1'),
('CP-00002', '00516', '1'),
('CP-00002', '00517', '1'),
('CP-00002', '00520', '1'),
('CP-00002', '00526', '1'),
('CP-00002', '00531', '1'),
('CP-00002', '00535', '1'),
('CP-00002', '00536', '1'),
('CP-00002', '00538', '1'),
('CP-00002', '00540', '1'),
('CP-00002', '00542', '1'),
('CP-00002', '00543', '1'),
('CP-00002', '00544', '1'),
('CP-00002', '00550', '1'),
('CP-00002', '00551', '1'),
('CP-00002', '00552', '1'),
('CP-00002', '00554', '1'),
('CP-00002', '00556', '1'),
('CP-00002', '00557', '1'),
('CP-00002', '00558', '1'),
('CP-00002', '00561', '1'),
('CP-00002', '00568', '1'),
('CP-00002', '00569', '1'),
('CP-00002', '00570', '1'),
('CP-00002', '00571', '1'),
('CP-00002', '00572', '1'),
('CP-00002', '00573', '1'),
('CP-00002', '00574', '1'),
('CP-00002', '00575', '1'),
('CP-00002', '00576', '1'),
('CP-00002', '00577', '1'),
('CP-00002', '00580', '1'),
('CP-00002', '00581', '1'),
('CP-00002', '00582', '1'),
('CP-00002', '00583', '1'),
('CP-00002', '00585', '1'),
('CP-00002', '00587', '1'),
('CP-00002', '00590', '1'),
('CP-00002', '00591', '1'),
('CP-00002', '00592', '1'),
('CP-00002', '00595', '1'),
('CP-00002', '00597', '1'),
('CP-00002', '00598', '1'),
('CP-00002', '00599', '1'),
('CP-00002', '00600', '1'),
('CP-00002', '00602', '1'),
('CP-00002', '00603', '1'),
('CP-00002', '00604', '1'),
('CP-00002', '00607', '1'),
('CP-00002', '00608', '1'),
('CP-00002', '00610', '1'),
('CP-00002', '00611', '1'),
('CP-00002', '00615', '1'),
('CP-00002', '00616', '1'),
('CP-00002', '00617', '1'),
('CP-00002', '00618', '1'),
('CP-00002', '00619', '1'),
('CP-00002', '00620', '1'),
('CP-00002', '00621', '1'),
('CP-00002', '00622', '1'),
('CP-00002', '00623', '1'),
('CP-00002', '00624', '1'),
('CP-00002', '00625', '1'),
('CP-00002', '00626', '1'),
('CP-00002', '00627', '1'),
('CP-00002', '00628', '1'),
('CP-00002', '00629', '1'),
('CP-00002', '00630', '1'),
('CP-00002', '00631', '1'),
('CP-00002', '00632', '1'),
('CP-00002', '00633', '1'),
('CP-00002', '00634', '1'),
('CP-00002', '00635', '1'),
('CP-00002', '00639', '1'),
('CP-00002', '00640', '1'),
('CP-00002', '00641', '1'),
('CP-00002', '00642', '1'),
('CP-00002', '00643', '1'),
('CP-00002', '00644', '1'),
('CP-00002', '00645', '1'),
('CP-00002', '00646', '1'),
('CP-00002', '00647', '1'),
('CP-00002', '00648', '1'),
('CP-00002', '00659', '1'),
('CP-00002', '00660', '1'),
('CP-00002', '00665', '1'),
('CP-00002', '00666', '1'),
('CP-00002', '00667', '1'),
('CP-00002', '00668', '1'),
('CP-00002', '00670', '1'),
('CP-00002', '00674', '1'),
('CP-00002', '00675', '1'),
('CP-00002', '00676', '1'),
('CP-00002', '00677', '1'),
('CP-00002', '00678', '1'),
('CP-00002', '00679', '1'),
('CP-00002', '00684', '1'),
('CP-00002', '00685', '1'),
('CP-00002', '00688', '1'),
('CP-00002', '00693', '1'),
('CP-00002', '00695', '1'),
('CP-00002', '00696', '1'),
('CP-00002', '00698', '1'),
('CP-00002', '00702', '1'),
('CP-00002', '00704', '1'),
('CP-00002', '00707', '1'),
('CP-00002', '00708', '1'),
('CP-00002', '00711', '1'),
('CP-00002', '00712', '1'),
('CP-00002', '00714', '1'),
('CP-00002', '00717', '1'),
('CP-00002', '00718', '1'),
('CP-00002', '00719', '1'),
('CP-00002', '00720', '1'),
('CP-00002', '00722', '1'),
('CP-00002', '00724', '1'),
('CP-00002', '00725', '1'),
('CP-00002', '00726', '1'),
('CP-00002', '00727', '1'),
('CP-00002', '00728', '1'),
('CP-00002', '00729', '1'),
('CP-00002', '00732', '1'),
('CP-00002', '00734', '1'),
('CP-00002', '00735', '1'),
('CP-00002', '00736', '1'),
('CP-00002', '00737', '1'),
('CP-00002', '00738', '1'),
('CP-00002', '00739', '1'),
('CP-00002', '00740', '1'),
('CP-00002', '00741', '1'),
('CP-00002', '00742', '1'),
('CP-00002', '00743', '1'),
('CP-00002', '00744', '1'),
('CP-00002', '00745', '1'),
('CP-00002', '00746', '1'),
('CP-00002', '00747', '1'),
('CP-00002', '00748', '1'),
('CP-00002', '00751', '1'),
('CP-00002', '00752', '1'),
('CP-00002', '00753', '1'),
('CP-00002', '00754', '1'),
('CP-00002', '00755', '1'),
('CP-00002', '00756', '1'),
('CP-00002', '00757', '1'),
('CP-00002', '00758', '1'),
('CP-00002', '00759', '1'),
('CP-00002', '00760', '1'),
('CP-00002', '00761', '1'),
('CP-00002', '00762', '1'),
('CP-00002', '00763', '1'),
('CP-00002', '00764', '1'),
('CP-00002', '00765', '1'),
('CP-00002', '00766', '1'),
('CP-00002', '00767', '1'),
('CP-00002', '00768', '1'),
('CP-00002', '00771', '1'),
('CP-00002', '00772', '1'),
('CP-00002', '00773', '1'),
('CP-00002', '00774', '1'),
('CP-00002', '00775', '1'),
('CP-00002', '00776', '1'),
('CP-00002', '00777', '1'),
('CP-00002', '00778', '1'),
('CP-00002', '00779', '1'),
('CP-00002', '00780', '1'),
('CP-00002', '00781', '1'),
('CP-00002', '00782', '1'),
('CP-00002', '00785', '1'),
('CP-00002', '00786', '1'),
('CP-00002', '00787', '1'),
('CP-00002', '00788', '1'),
('CP-00002', '00790', '1'),
('CP-00002', '00794', '1'),
('CP-00002', '00795', '1'),
('CP-00002', '00796', '1'),
('CP-00002', '00798', '1'),
('CP-00002', '00806', '1'),
('CP-00002', '00809', '1'),
('CP-00002', '00811', '1'),
('CP-00002', '00816', '1'),
('CP-00002', '00817', '1'),
('CP-00002', '00822', '1'),
('CP-00002', '00823', '1'),
('CP-00002', '00824', '1'),
('CP-00002', '00826', '1'),
('CP-00002', '00827', '1'),
('CP-00002', '00828', '1'),
('CP-00002', '00829', '1'),
('CP-00002', '00831', '1'),
('CP-00002', '00832', '1'),
('CP-00002', '00834', '1'),
('CP-00002', '00835', '1'),
('CP-00002', '00839', '1'),
('CP-00002', '00840', '1'),
('CP-00002', '00842', '1'),
('CP-00002', '00847', '1'),
('CP-00002', '00849', '1'),
('CP-00002', '00852', '1'),
('CP-00002', '00853', '1'),
('CP-00002', '00854', '1'),
('CP-00002', '00861', '1'),
('CP-00002', '00862', '1'),
('CP-00002', '00865', '1'),
('CP-00002', '00866', '1'),
('CP-00002', '00867', '1'),
('CP-00002', '00869', '1'),
('CP-00002', '00870', '1'),
('CP-00002', '00871', '1'),
('CP-00002', '00872', '1'),
('CP-00002', '00873', '1'),
('CP-00002', '00874', '1'),
('CP-00002', '00875', '1'),
('CP-00002', '00876', '1'),
('CP-00002', '00877', '1'),
('CP-00002', '00878', '1'),
('CP-00002', '00880', '1'),
('CP-00002', '00881', '1'),
('CP-00002', '00883', '1'),
('CP-00002', '00884', '1'),
('CP-00002', '00885', '1'),
('CP-00002', '00886', '1'),
('CP-00002', '00887', '1'),
('CP-00002', '00888', '1'),
('CP-00002', '00889', '1'),
('CP-00002', '00890', '1'),
('CP-00002', '00891', '1'),
('CP-00002', '00892', '1'),
('CP-00002', '00893', '1'),
('CP-00002', '00894', '1'),
('CP-00002', '00895', '1'),
('CP-00002', '00896', '1'),
('CP-00002', '00898', '1'),
('CP-00002', '00903', '1'),
('CP-00002', '00907', '1'),
('CP-00002', '00908', '1'),
('CP-00002', '00910', '1'),
('CP-00002', '00914', '1'),
('CP-00002', '00916', '1'),
('CP-00002', '00917', '1'),
('CP-00002', '00921', '1'),
('CP-00002', '00922', '1'),
('CP-00002', '00923', '1'),
('CP-00002', '00931', '1'),
('CP-00002', '00933', '1'),
('CP-00002', '00940', '1'),
('CP-00002', '00942', '1'),
('CP-00002', '00943', '1'),
('CP-00002', '00946', '1'),
('CP-00002', '00947', '1'),
('CP-00002', '00949', '1'),
('CP-00002', '00950', '1'),
('CP-00002', '00951', '1'),
('CP-00002', '00952', '1'),
('CP-00002', '00953', '1'),
('CP-00002', '00957', '1'),
('CP-00002', '00961', '1'),
('CP-00002', '00962', '1'),
('CP-00002', '00963', '1'),
('CP-00002', '00965', '1'),
('CP-00002', '00967', '1'),
('CP-00002', '00968', '1'),
('CP-00002', '00970', '1'),
('CP-00002', '00971', '1'),
('CP-00002', '00972', '1'),
('CP-00002', '00974', '1'),
('CP-00002', '00976', '1'),
('CP-00002', '00977', '1'),
('CP-00002', '00978', '1'),
('CP-00002', '00979', '1'),
('CP-00002', '00981', '1'),
('CP-00002', '00982', '1'),
('CP-00002', '00984', '1'),
('CP-00002', '00985', '1'),
('CP-00002', '00987', '1'),
('CP-00002', '00988', '1'),
('CP-00002', '00989', '1'),
('CP-00002', '00990', '1'),
('CP-00002', '00991', '1'),
('CP-00002', '00992', '1'),
('CP-00002', '00993', '1'),
('CP-00002', '00994', '1'),
('CP-00002', '00995', '1'),
('CP-00002', '00996', '1'),
('CP-00002', '00998', '1'),
('CP-00002', '00999', '1'),
('CP-00002', '01000', '1'),
('CP-00002', '01001', '1'),
('CP-00002', '01002', '1'),
('CP-00002', '01003', '1'),
('CP-00002', '01004', '1'),
('CP-00002', '01005', '1'),
('CP-00002', '01006', '1'),
('CP-00002', '01007', '1'),
('CP-00002', '01008', '1'),
('CP-00002', '01009', '1'),
('CP-00002', '01010', '1'),
('CP-00002', '01011', '1'),
('CP-00002', '01012', '1'),
('CP-00002', '01013', '1'),
('CP-00002', '01018', '1'),
('CP-00002', '01019', '1'),
('CP-00002', '01020', '1'),
('CP-00002', '01027', '1'),
('CP-00002', '01032', '1'),
('CP-00002', '01039', '1'),
('CP-00002', '01048', '1'),
('CP-00002', '01049', '1'),
('CP-00002', '01053', '1'),
('CP-00002', '01054', '1'),
('CP-00002', '01055', '1'),
('CP-00002', '01059', '1'),
('CP-00002', '01061', '1'),
('CP-00002', '01062', '1'),
('CP-00002', '01063', '1'),
('CP-00002', '01065', '1'),
('CP-00002', '01066', '1'),
('CP-00002', '01068', '1'),
('CP-00002', '01069', '1'),
('CP-00002', '01070', '1'),
('CP-00002', '01071', '1'),
('CP-00002', '01073', '1'),
('CP-00002', '01076', '1'),
('CP-00002', '01077', '1'),
('CP-00002', '01087', '1'),
('CP-00002', '01094', '1'),
('CP-00002', '01097', '1'),
('CP-00002', '01098', '1'),
('CP-00002', '01100', '1'),
('CP-00002', '01104', '1'),
('CP-00002', '01105', '1'),
('CP-00002', '01107', '1'),
('CP-00002', '01109', '1'),
('CP-00002', '01110', '1'),
('CP-00002', '01113', '1'),
('CP-00002', '01114', '1'),
('CP-00002', '01115', '1'),
('CP-00002', '01116', '1'),
('CP-00002', '01117', '1'),
('CP-00002', '01118', '1'),
('CP-00002', '01119', '1'),
('CP-00002', '01120', '1'),
('CP-00002', '01121', '1'),
('CP-00002', '01122', '1'),
('CP-00002', '01123', '1'),
('CP-00002', '01124', '1'),
('CP-00002', '01125', '1'),
('CP-00002', '01142', '1'),
('CP-00002', '01144', '1'),
('CP-00002', '01151', '1'),
('CP-00002', '01157', '1'),
('CP-00002', '01161', '1'),
('CP-00002', '01164', '1'),
('CP-00002', '01167', '1'),
('CP-00002', '01168', '1'),
('CP-00002', '01172', '1'),
('CP-00002', '01173', '1'),
('CP-00002', '01174', '1'),
('CP-00002', '01175', '1'),
('CP-00002', '01177', '1'),
('CP-00002', '01178', '1'),
('CP-00002', '01180', '1'),
('CP-00002', '01181', '1'),
('CP-00002', '01182', '1'),
('CP-00002', '01183', '1'),
('CP-00002', '01187', '1'),
('CP-00002', '01191', '1'),
('CP-00002', '01193', '1'),
('CP-00002', '01202', '1'),
('CP-00002', '01203', '1'),
('CP-00002', '01204', '1'),
('CP-00002', '01206', '1'),
('CP-00002', '01207', '1'),
('CP-00002', '01208', '1'),
('CP-00002', '01214', '1'),
('CP-00002', '01217', '1'),
('CP-00002', '01219', '1'),
('CP-00002', '01220', '1'),
('CP-00002', '01221', '1'),
('CP-00002', '01253', '1'),
('CP-00002', '01254', '1'),
('CP-00002', '01255', '1'),
('CP-00002', '01259', '1'),
('CP-00002', '01260', '1'),
('CP-00002', '01262', '1'),
('CP-00002', '01265', '1'),
('CP-00002', '01271', '1'),
('CP-00002', '01275', '1'),
('CP-00002', '01280', '1'),
('CP-00002', '01282', '1'),
('CP-00002', '01283', '1'),
('CP-00002', '01284', '1'),
('CP-00002', '01285', '1'),
('CP-00002', '01286', '1'),
('CP-00002', '01287', '1'),
('CP-00002', '01288', '1'),
('CP-00002', '01290', '1'),
('CP-00002', '01291', '1'),
('CP-00002', '01292', '1'),
('CP-00002', '01294', '1'),
('CP-00002', '01296', '1'),
('CP-00002', '01297', '1'),
('CP-00002', '01299', '1'),
('CP-00002', '01302', '1'),
('CP-00002', '01303', '1'),
('CP-00002', '01305', '1'),
('CP-00002', '01306', '1'),
('CP-00002', '01307', '1'),
('CP-00002', '01308', '1'),
('CP-00002', '01309', '1'),
('CP-00002', '01310', '1'),
('CP-00002', '01311', '1'),
('CP-00002', '01312', '1'),
('CP-00002', '01313', '1'),
('CP-00002', '01317', '1'),
('CP-00002', '01318', '1'),
('CP-00002', '01319', '1'),
('CP-00002', '01321', '1'),
('CP-00002', '01322', '1'),
('CP-00002', '01326', '1'),
('CP-00002', '01327', '1'),
('CP-00002', '01337', '1'),
('CP-00002', '01338', '1'),
('CP-00002', '01339', '1'),
('CP-00002', '01340', '1'),
('CP-00002', '01342', '1'),
('CP-00002', '01343', '1'),
('CP-00002', '01344', '1'),
('CP-00002', '01346', '1'),
('CP-00002', '01348', '1'),
('CP-00002', '01349', '1'),
('CP-00002', '01351', '1'),
('CP-00002', '01352', '1'),
('CP-00002', '01353', '1'),
('CP-00002', '01354', '1'),
('CP-00002', '01355', '1'),
('CP-00002', '01356', '1'),
('CP-00002', '01357', '1'),
('CP-00002', '01358', '1'),
('CP-00002', '01359', '1'),
('CP-00002', '01360', '1'),
('CP-00002', '01361', '1'),
('CP-00002', '01362', '1'),
('CP-00002', '01363', '1'),
('CP-00002', '01364', '1'),
('CP-00002', '01365', '1'),
('CP-00002', '01366', '1'),
('CP-00002', '01367', '1'),
('CP-00002', '01368', '1'),
('CP-00002', '01369', '1'),
('CP-00002', '01370', '1'),
('CP-00002', '01371', '1'),
('CP-00002', '01372', '1'),
('CP-00002', '01373', '1'),
('CP-00002', '01374', '1'),
('CP-00002', '01375', '1'),
('CP-00002', '01377', '1'),
('CP-00002', '01378', '1'),
('CP-00002', '01381', '1'),
('CP-00002', '01382', '1'),
('CP-00002', '01384', '1'),
('CP-00002', '01389', '1'),
('CP-00002', '01390', '1'),
('CP-00002', '01391', '1'),
('CP-00002', '01392', '1'),
('CP-00002', '01393', '1'),
('CP-00002', '01394', '1'),
('CP-00002', '01395', '1'),
('CP-00002', '01396', '1'),
('CP-00002', '01397', '1'),
('CP-00002', '01398', '1'),
('CP-00002', '01400', '1'),
('CP-00002', '01401', '1'),
('CP-00002', '01402', '1'),
('CP-00002', '01403', '1'),
('CP-00002', '01405', '1'),
('CP-00002', '01407', '1'),
('CP-00002', '01409', '1'),
('CP-00002', '01410', '1'),
('CP-00002', '01411', '1'),
('CP-00002', '01412', '1'),
('CP-00002', '01414', '1'),
('CP-00002', '01415', '1'),
('CP-00002', '01416', '1'),
('CP-00002', '01418', '1'),
('CP-00002', '01419', '1'),
('CP-00002', '01420', '1'),
('CP-00002', '01421', '1'),
('CP-00002', '01422', '1'),
('CP-00002', '01424', '1'),
('CP-00002', '01425', '1'),
('CP-00002', '01427', '1'),
('CP-00002', '01431', '1'),
('CP-00002', '01432', '1'),
('CP-00002', '01433', '1'),
('CP-00002', '01434', '1'),
('CP-00002', '01435', '1'),
('CP-00002', '01436', '1'),
('CP-00002', '01438', '1'),
('CP-00002', '01441', '1'),
('CP-00002', '01442', '1'),
('CP-00002', '01443', '1'),
('CP-00002', '01445', '1'),
('CP-00002', '01446', '1'),
('CP-00002', '01447', '1'),
('CP-00002', '01448', '1'),
('CP-00002', '01450', '1'),
('CP-00002', '01451', '1'),
('CP-00002', '01452', '1'),
('CP-00002', '01454', '1'),
('CP-00002', '01455', '1'),
('CP-00002', '01456', '1'),
('CP-00002', '01458', '1'),
('CP-00002', '01459', '1'),
('CP-00002', '01460', '1'),
('CP-00002', '01461', '1'),
('CP-00002', '01462', '1'),
('CP-00002', '01464', '1'),
('CP-00002', '01465', '1'),
('CP-00002', '01466', '1'),
('CP-00002', '01467', '1'),
('CP-00002', '01469', '1'),
('CP-00002', '01476', '1'),
('CP-00002', '01477', '1'),
('CP-00002', '01478', '1'),
('CP-00002', '01479', '1'),
('CP-00002', '01480', '1'),
('CP-00002', '01481', '1'),
('CP-00002', '01482', '1'),
('CP-00002', '01483', '1'),
('CP-00002', '01484', '1'),
('CP-00002', '01485', '1'),
('CP-00002', '01486', '1'),
('CP-00002', '01487', '1'),
('CP-00002', '01488', '1'),
('CP-00002', '01489', '1'),
('CP-00002', '01493', '1'),
('CP-00002', '01494', '1'),
('CP-00002', '01495', '1'),
('CP-00002', '01496', '1'),
('CP-00002', '01497', '1'),
('CP-00002', '01498', '1'),
('CP-00002', '01500', '1'),
('CP-00002', '01501', '1'),
('CP-00002', '01502', '1'),
('CP-00002', '01507', '1'),
('CP-00002', '01508', '1'),
('CP-00002', '01510', '1'),
('CP-00002', '01511', '1'),
('CP-00002', '01512', '1'),
('CP-00002', '01513', '1'),
('CP-00002', '01519', '1'),
('CP-00002', '01520', '1'),
('CP-00002', '01521', '1'),
('CP-00002', '01524', '1'),
('CP-00002', '01529', '1'),
('CP-00002', '01530', '1'),
('CP-00002', '01531', '1'),
('CP-00002', '01533', '1'),
('CP-00002', '01536', '1'),
('CP-00002', '01537', '1'),
('CP-00002', '01538', '1'),
('CP-00002', '01539', '1'),
('CP-00002', '01541', '1'),
('CP-00002', '01544', '1'),
('CP-00002', '01546', '1'),
('CP-00002', '01549', '1'),
('CP-00002', '01551', '1'),
('CP-00002', '01553', '1'),
('CP-00002', '01555', '1'),
('CP-00002', '01558', '1'),
('CP-00002', '01559', '1'),
('CP-00002', '01562', '1'),
('CP-00002', '01563', '1'),
('CP-00002', '01564', '1'),
('CP-00002', '01565', '1'),
('CP-00002', '01567', '1'),
('CP-00002', '01568', '1'),
('CP-00002', '01569', '1'),
('CP-00002', '01571', '1'),
('CP-00002', '01574', '1'),
('CP-00002', '01578', '1'),
('CP-00002', '01579', '1'),
('CP-00002', '01583', '1'),
('CP-00002', '01584', '1'),
('CP-00002', '01585', '1'),
('CP-00002', '01590', '1'),
('CP-00002', '01591', '1'),
('CP-00002', '01594', '1'),
('CP-00002', '01595', '1'),
('CP-00002', '01597', '1'),
('CP-00002', '01598', '1'),
('CP-00002', '01599', '1'),
('CP-00002', '01600', '1'),
('CP-00002', '01601', '1'),
('CP-00002', '01602', '1'),
('CP-00002', '01603', '1'),
('CP-00002', '01604', '1'),
('CP-00002', '01605', '1'),
('CP-00002', '01606', '1'),
('CP-00002', '01607', '1'),
('CP-00002', '01608', '1'),
('CP-00002', '01610', '1'),
('CP-00002', '01612', '1'),
('CP-00002', '01613', '1'),
('CP-00002', '01614', '1'),
('CP-00002', '01616', '1'),
('CP-00002', '01617', '1'),
('CP-00002', '01618', '1'),
('CP-00002', '01619', '1'),
('CP-00002', '01621', '1'),
('CP-00002', '01622', '1'),
('CP-00002', '01623', '1'),
('CP-00002', '01625', '1'),
('CP-00002', '01626', '1'),
('CP-00002', '01630', '1'),
('CP-00002', '01632', '1'),
('CP-00002', '01633', '1'),
('CP-00002', '01634', '1'),
('CP-00002', '01637', '1'),
('CP-00002', '01638', '1'),
('CP-00002', '01639', '1'),
('CP-00002', '01640', '1'),
('CP-00002', '01643', '1'),
('CP-00002', '01646', '1'),
('CP-00002', '01647', '1'),
('CP-00002', '01648', '1'),
('CP-00002', '01649', '1'),
('CP-00002', '01653', '1'),
('CP-00002', '01654', '1'),
('CP-00002', '01655', '1'),
('CP-00002', '01658', '1'),
('CP-00002', '01662', '1'),
('CP-00002', '01663', '1'),
('CP-00002', '01665', '1'),
('CP-00002', '01666', '1'),
('CP-00002', '01667', '1'),
('CP-00002', '01670', '1'),
('CP-00002', '01671', '1'),
('CP-00002', '01672', '1'),
('CP-00002', '01674', '1'),
('CP-00002', '01675', '1'),
('CP-00002', '01677', '1'),
('CP-00002', '01678', '1'),
('CP-00002', '01680', '1'),
('CP-00002', '01681', '1'),
('CP-00002', '01684', '1'),
('CP-00002', '01685', '1'),
('CP-00002', '01688', '1'),
('CP-00002', '01689', '1'),
('CP-00002', '01690', '1'),
('CP-00002', '01691', '1'),
('CP-00002', '01692', '1'),
('CP-00002', '01702', '1'),
('CP-00002', '01703', '1'),
('CP-00002', '01704', '1'),
('CP-00002', '01706', '1'),
('CP-00002', '01707', '1'),
('CP-00002', '01708', '1'),
('CP-00002', '01709', '1'),
('CP-00002', '01711', '1'),
('CP-00002', '01712', '1'),
('CP-00002', '01713', '1'),
('CP-00002', '01714', '1'),
('CP-00002', '01715', '1'),
('CP-00002', '01716', '1'),
('CP-00002', '01718', '1'),
('CP-00002', '01719', '1'),
('CP-00002', '01720', '1'),
('CP-00002', '01722', '1'),
('CP-00002', '01723', '1'),
('CP-00002', '01725', '1'),
('CP-00002', '01726', '1'),
('CP-00002', '01727', '1'),
('CP-00002', '01728', '1'),
('CP-00002', '01729', '1'),
('CP-00002', '01730', '1'),
('CP-00002', '01731', '1'),
('CP-00002', '01732', '1'),
('CP-00002', '01733', '1'),
('CP-00002', '01735', '1'),
('CP-00002', '01736', '1'),
('CP-00002', '01738', '1'),
('CP-00002', '01739', '1'),
('CP-00002', '01741', '1'),
('CP-00002', '01744', '1'),
('CP-00002', '01746', '1'),
('CP-00002', '01748', '1'),
('CP-00002', '01749', '1'),
('CP-00002', '01751', '1'),
('CP-00002', '01753', '1'),
('CP-00002', '01754', '1'),
('CP-00002', '01755', '1'),
('CP-00002', '01756', '1'),
('CP-00002', '01757', '1'),
('CP-00002', '01758', '1'),
('CP-00002', '01760', '1'),
('CP-00002', '01762', '1'),
('CP-00002', '01763', '1'),
('CP-00002', '01764', '1'),
('CP-00002', '01765', '1'),
('CP-00002', '01768', '1'),
('CP-00002', '01769', '1'),
('CP-00002', '01771', '1'),
('CP-00002', '01772', '1'),
('CP-00002', '01774', '1'),
('CP-00002', '01775', '1'),
('CP-00002', '01776', '1'),
('CP-00002', '01777', '1'),
('CP-00002', '01778', '1'),
('CP-00002', '01780', '1'),
('CP-00002', '01781', '1'),
('CP-00002', '01782', '1'),
('CP-00002', '01783', '1'),
('CP-00002', '01785', '1'),
('CP-00002', '01786', '1'),
('CP-00002', '01787', '1'),
('CP-00002', '01788', '1'),
('CP-00002', '01789', '1'),
('CP-00002', '01790', '1'),
('CP-00002', '01791', '1'),
('CP-00002', '01792', '1'),
('CP-00002', '01793', '1'),
('CP-00002', '01795', '1'),
('CP-00002', '01796', '1'),
('CP-00002', '01797', '1'),
('CP-00002', '01799', '1'),
('CP-00002', '01802', '1'),
('CP-00002', '01804', '1'),
('CP-00002', '01805', '1'),
('CP-00002', '01806', '1'),
('CP-00002', '01807', '1'),
('CP-00002', '01808', '1'),
('CP-00002', '01809', '1'),
('CP-00002', '01811', '1'),
('CP-00002', '01816', '1'),
('CP-00002', '01818', '1'),
('CP-00002', '01821', '1'),
('CP-00002', '01822', '1'),
('CP-00002', '01823', '1'),
('CP-00002', '01824', '1'),
('CP-00002', '01826', '1'),
('CP-00002', '01831', '1'),
('CP-00002', '01833', '1'),
('CP-00002', '01837', '1'),
('CP-00002', '01839', '1'),
('CP-00002', '01840', '1'),
('CP-00002', '01843', '1'),
('CP-00002', '01844', '1'),
('CP-00002', '01845', '1'),
('CP-00002', '01847', '1'),
('CP-00002', '01848', '1'),
('CP-00002', '01849', '1'),
('CP-00002', '01850', '1'),
('CP-00002', '01852', '1'),
('CP-00002', '01853', '1'),
('CP-00002', '01855', '1'),
('CP-00002', '01856', '1'),
('CP-00002', '01857', '1'),
('CP-00002', '01859', '1'),
('CP-00002', '01860', '1'),
('CP-00002', '01862', '1'),
('CP-00002', '01863', '1'),
('CP-00002', '01865', '1'),
('CP-00002', '01868', '1'),
('CP-00002', '01869', '1'),
('CP-00002', '01870', '1'),
('CP-00002', '01871', '1'),
('CP-00002', '01873', '1'),
('CP-00002', '01877', '1'),
('CP-00002', '01881', '1'),
('CP-00002', '01882', '1'),
('CP-00002', '01883', '1'),
('CP-00002', '01886', '1'),
('CP-00002', '01891', '1'),
('CP-00002', '01895', '1'),
('CP-00002', '01896', '1'),
('CP-00002', '01898', '1'),
('CP-00002', '01899', '1'),
('CP-00002', '01903', '1'),
('CP-00002', '01906', '1'),
('CP-00002', '01907', '1'),
('CP-00002', '01908', '1'),
('CP-00002', '01910', '1'),
('CP-00002', '01912', '1'),
('CP-00002', '01913', '1'),
('CP-00002', '01916', '1'),
('CP-00002', '01917', '1'),
('CP-00002', '01922', '1'),
('CP-00002', '01926', '1'),
('CP-00002', '01928', '1'),
('CP-00002', '01929', '1'),
('CP-00002', '01934', '1'),
('CP-00002', '01936', '1'),
('CP-00002', '01937', '1'),
('CP-00002', '01947', '1'),
('CP-00002', '01948', '1'),
('CP-00002', '01951', '1'),
('CP-00002', '01955', '1'),
('CP-00002', '01961', '1'),
('CP-00002', '01964', '1'),
('CP-00002', '01968', '1'),
('CP-00002', '01969', '1'),
('CP-00002', '01976', '1'),
('CP-00002', '01978', '1'),
('CP-00002', '01983', '1'),
('CP-00002', '01984', '1'),
('CP-00002', '01986', '1'),
('CP-00002', '01991', '1'),
('CP-00002', '01998', '1'),
('CP-00002', '02001', '1'),
('CP-00002', '02009', '1'),
('CP-00002', '02010', '1'),
('CP-00002', '02011', '1'),
('CP-00002', '02013', '1'),
('CP-00002', '02020', '1'),
('CP-00002', '02021', '1'),
('CP-00002', '02023', '1'),
('CP-00002', '02031', '1'),
('CP-00002', '02033', '1'),
('CP-00002', '02034', '1'),
('CP-00002', '02035', '1'),
('CP-00002', '02038', '1'),
('CP-00002', '02043', '1'),
('CP-00002', '02044', '1'),
('CP-00002', '02046', '1'),
('CP-00002', '02050', '1'),
('CP-00002', '02052', '1'),
('CP-00002', '02053', '1'),
('CP-00002', '02054', '1'),
('CP-00002', '02056', '1'),
('CP-00002', '02057', '1'),
('CP-00002', '02058', '1'),
('CP-00002', '02059', '1'),
('CP-00002', '02060', '1'),
('CP-00002', '02062', '1'),
('CP-00002', '02064', '1'),
('CP-00002', '02065', '1'),
('CP-00002', '02067', '1'),
('CP-00002', '02068', '1'),
('CP-00002', '02069', '1'),
('CP-00002', '02071', '1'),
('CP-00002', '02072', '1'),
('CP-00002', '02074', '1'),
('CP-00002', '02080', '1'),
('CP-00002', '02085', '1'),
('CP-00002', '02088', '1'),
('CP-00002', '02089', '1'),
('CP-00002', '02093', '1'),
('CP-00002', '02094', '1'),
('CP-00002', '02095', '1'),
('CP-00002', '02096', '1'),
('CP-00002', '02103', '1'),
('CP-00002', '02104', '1'),
('CP-00002', '02108', '1'),
('CP-00002', '02109', '1'),
('CP-00002', '02110', '1'),
('CP-00002', '02111', '1'),
('CP-00002', '02113', '1'),
('CP-00002', '02116', '1'),
('CP-00002', '02118', '1'),
('CP-00002', '02123', '1'),
('CP-00002', '02125', '1'),
('CP-00002', '02129', '1'),
('CP-00002', '02132', '1'),
('CP-00002', '02134', '1'),
('CP-00002', '02144', '1'),
('CP-00002', '02145', '1'),
('CP-00002', '02148', '1'),
('CP-00002', '02150', '1'),
('CP-00002', '02152', '1'),
('CP-00002', '02158', '1'),
('CP-00002', '02162', '1'),
('CP-00002', '02165', '1'),
('CP-00002', '02166', '1'),
('CP-00002', '02167', '1'),
('CP-00002', '02170', '1'),
('CP-00002', '02172', '1'),
('CP-00002', '02176', '1'),
('CP-00002', '02179', '1'),
('CP-00002', '02180', '1'),
('CP-00002', '02181', '1'),
('CP-00002', '02184', '1'),
('CP-00002', '02186', '1'),
('CP-00002', '02187', '1'),
('CP-00002', '02193', '1'),
('CP-00002', '02194', '1'),
('CP-00002', '02197', '1'),
('CP-00002', '02200', '1'),
('CP-00002', '02205', '1'),
('CP-00002', '02206', '1'),
('CP-00002', '02207', '1'),
('CP-00002', '02211', '1'),
('CP-00002', '02213', '1'),
('CP-00002', '02220', '1'),
('CP-00002', '02221', '1'),
('CP-00002', '02224', '1'),
('CP-00002', '02228', '1'),
('CP-00002', '02234', '1'),
('CP-00002', '02235', '1'),
('CP-00002', '02237', '1'),
('CP-00002', '02238', '1'),
('CP-00002', '02240', '1'),
('CP-00002', '02247', '1'),
('CP-00002', '02248', '1'),
('CP-00002', '02250', '1'),
('CP-00002', '02252', '1'),
('CP-00002', '02253', '1'),
('CP-00002', '02255', '1'),
('CP-00002', '02256', '1'),
('CP-00002', '02257', '1'),
('CP-00002', '02260', '1'),
('CP-00002', '02262', '1'),
('CP-00002', '02277', '1'),
('CP-00002', '02278', '1'),
('CP-00002', '02279', '1'),
('CP-00002', '02285', '1'),
('CP-00002', '02291', '1'),
('CP-00002', '02293', '1'),
('CP-00002', '02295', '1'),
('CP-00002', '02297', '1'),
('CP-00002', '02298', '1'),
('CP-00002', '02305', '1'),
('CP-00002', '02306', '1'),
('CP-00002', '02309', '1'),
('CP-00002', '02310', '1'),
('CP-00002', '02312', '1'),
('CP-00002', '02316', '1'),
('CP-00002', '02318', '1'),
('CP-00002', '02319', '1'),
('CP-00002', '02323', '1'),
('CP-00002', '02325', '1'),
('CP-00002', '02326', '1'),
('CP-00002', '02328', '1'),
('CP-00002', '02331', '1'),
('CP-00002', '02332', '1'),
('CP-00002', '02334', '1'),
('CP-00002', '02335', '1'),
('CP-00002', '02338', '1'),
('CP-00002', '02341', '1'),
('CP-00002', '02345', '1'),
('CP-00002', '02347', '1'),
('CP-00002', '02348', '1'),
('CP-00002', '02349', '1'),
('CP-00002', '02352', '1'),
('CP-00002', '02355', '1'),
('CP-00002', '02359', '1'),
('CP-00002', '02360', '1'),
('CP-00002', '02364', '1'),
('CP-00002', '02365', '1'),
('CP-00002', '02367', '1'),
('CP-00002', '02370', '1'),
('CP-00002', '02371', '1'),
('CP-00002', '02372', '1'),
('CP-00002', '02375', '1'),
('CP-00002', '02379', '1'),
('CP-00002', '02385', '1'),
('CP-00002', '02400', '1'),
('CP-00002', '02405', '1'),
('CP-00002', '02414', '1'),
('CP-00002', '02418', '1'),
('CP-00002', '02419', '1'),
('CP-00002', '02431', '1'),
('CP-00002', '02434', '1'),
('CP-00002', '02436', '1'),
('CP-00002', '02437', '1'),
('CP-00002', '02449', '1'),
('CP-00002', '02450', '1'),
('CP-00002', '02452', '1'),
('CP-00002', '02454', '1'),
('CP-00002', '02455', '1'),
('CP-00002', '02457', '1'),
('CP-00002', '02458', '1'),
('CP-00002', '02459', '1'),
('CP-00002', '02463', '1'),
('CP-00002', '02464', '1'),
('CP-00002', '02466', '1'),
('CP-00002', '02470', '1'),
('CP-00002', '02471', '1'),
('CP-00002', '02472', '1'),
('CP-00002', '02474', '1'),
('CP-00002', '02475', '1'),
('CP-00002', '02476', '1'),
('CP-00002', '02477', '1'),
('CP-00002', '02478', '1'),
('CP-00002', '02481', '1'),
('CP-00002', '02482', '1'),
('CP-00002', '02483', '1'),
('CP-00002', '02484', '1'),
('CP-00002', '02485', '1'),
('CP-00002', '02486', '1'),
('CP-00002', '02488', '1'),
('CP-00002', '02490', '1'),
('CP-00002', '02492', '1'),
('CP-00002', '02493', '1'),
('CP-00002', '02494', '1'),
('CP-00002', '02498', '1'),
('CP-00002', '02499', '1'),
('CP-00002', '02500', '1'),
('CP-00002', '02501', '1'),
('CP-00002', '02515', '1'),
('CP-00002', '02516', '1'),
('CP-00002', '02517', '1'),
('CP-00002', '02518', '1'),
('CP-00002', '02519', '1'),
('CP-00002', '02522', '1'),
('CP-00002', '02525', '1'),
('CP-00002', '02526', '1'),
('CP-00002', '02527', '1'),
('CP-00002', '02529', '1'),
('CP-00002', '02531', '1'),
('CP-00002', '02533', '1'),
('CP-00002', '02535', '1'),
('CP-00002', '02536', '1'),
('CP-00002', '02541', '1'),
('CP-00002', '02544', '1'),
('CP-00002', '02551', '1'),
('CP-00002', '02557', '1'),
('CP-00002', '02559', '1'),
('CP-00002', '02560', '1'),
('CP-00002', '02562', '1'),
('CP-00002', '02563', '1'),
('CP-00002', '02564', '1');
INSERT INTO `campanna_cliente` (`ID_Campannas`, `ID_Cliente`, `Meta`) VALUES
('CP-00002', '02569', '1'),
('CP-00002', '02570', '1'),
('CP-00002', '02575', '1'),
('CP-00002', '02576', '1'),
('CP-00002', '02577', '1'),
('CP-00002', '02578', '1'),
('CP-00002', '02579', '1'),
('CP-00002', '02580', '1'),
('CP-00002', '02581', '1'),
('CP-00002', '02583', '1'),
('CP-00002', '02584', '1'),
('CP-00002', '02585', '1'),
('CP-00002', '02589', '1'),
('CP-00002', '02591', '1'),
('CP-00002', '02594', '1'),
('CP-00002', '02595', '1'),
('CP-00002', '02596', '1'),
('CP-00002', '02597', '1'),
('CP-00002', '02598', '1'),
('CP-00002', '03000', '1'),
('CP-00002', '03001', '1'),
('CP-00002', '03002', '1'),
('CP-00002', '03003', '1'),
('CP-00002', '03004', '1'),
('CP-00002', '03005', '1'),
('CP-00002', '03006', '1'),
('CP-00002', '03007', '1'),
('CP-00002', '03008', '1'),
('CP-00002', '03011', '1'),
('CP-00002', '03013', '1'),
('CP-00002', '03017', '1'),
('CP-00002', '03018', '1'),
('CP-00002', '03020', '1'),
('CP-00002', '03021', '1'),
('CP-00002', '03023', '1'),
('CP-00002', '03024', '1'),
('CP-00002', '03025', '1'),
('CP-00002', '03026', '1'),
('CP-00002', '03027', '1'),
('CP-00002', '03028', '1'),
('CP-00002', '03029', '1'),
('CP-00002', '03030', '1'),
('CP-00002', '03031', '1'),
('CP-00002', '03032', '1'),
('CP-00002', '03033', '1'),
('CP-00002', '03034', '1'),
('CP-00002', '03035', '1'),
('CP-00002', '03036', '1'),
('CP-00002', '03039', '1'),
('CP-00002', '03042', '1'),
('CP-00002', '03044', '1'),
('CP-00002', '03045', '1'),
('CP-00002', '03047', '1'),
('CP-00002', '03048', '1'),
('CP-00002', '03049', '1'),
('CP-00002', '03050', '1'),
('CP-00002', '03051', '1'),
('CP-00002', '03052', '1'),
('CP-00002', '03053', '1'),
('CP-00002', '03054', '1'),
('CP-00002', '03055', '1'),
('CP-00002', '03058', '1'),
('CP-00002', '03059', '1'),
('CP-00002', '03060', '1'),
('CP-00002', '03061', '1'),
('CP-00002', '03064', '1'),
('CP-00002', '03068', '1'),
('CP-00002', '03069', '1'),
('CP-00002', '03070', '1'),
('CP-00002', '03071', '1'),
('CP-00002', '03072', '1'),
('CP-00002', '03075', '1'),
('CP-00002', '03077', '1'),
('CP-00002', '03078', '1'),
('CP-00002', '03079', '1'),
('CP-00002', '03080', '1'),
('CP-00002', '03081', '1'),
('CP-00002', '03082', '1'),
('CP-00002', '03083', '1'),
('CP-00002', '03084', '1'),
('CP-00002', '03085', '1'),
('CP-00002', '03086', '1'),
('CP-00002', '03087', '1'),
('CP-00002', '03088', '1'),
('CP-00002', '03089', '1'),
('CP-00002', '03090', '1'),
('CP-00002', '03154', '1'),
('CP-00002', '03171', '1'),
('CP-00002', '03174', '1'),
('CP-00002', '03175', '1'),
('CP-00002', '03178', '1'),
('CP-00002', '03179', '1'),
('CP-00002', '03182', '1'),
('CP-00002', '03091', '1'),
('CP-00002', '03093', '1'),
('CP-00002', '03094', '1'),
('CP-00002', '03096', '1'),
('CP-00002', '03097', '1'),
('CP-00002', '03098', '1'),
('CP-00002', '03099', '1'),
('CP-00002', '03579', '1'),
('CP-00002', '03580', '1'),
('CP-00002', '03581', '1'),
('CP-00002', '03582', '1'),
('CP-00002', '03583', '1'),
('CP-00002', '03584', '1'),
('CP-00002', '03585', '1'),
('CP-00002', '03586', '1'),
('CP-00002', '03587', '1'),
('CP-00002', '03588', '1'),
('CP-00002', '03592', '1'),
('CP-00002', '03593', '1'),
('CP-00002', '03597', '1'),
('CP-00002', '03602', '1'),
('CP-00002', '03605', '1'),
('CP-00002', '03594', '1'),
('CP-00002', '03607', '1'),
('CP-00002', '03610', '1'),
('CP-00002', '03612', '1'),
('CP-00002', '03613', '1'),
('CP-00002', '03615', '1'),
('CP-00002', '03616', '1'),
('CP-00002', '03617', '1'),
('CP-00002', '03141', '1'),
('CP-00002', '03142', '1'),
('CP-00002', '03151', '1'),
('CP-00002', '03152', '1'),
('CP-00002', '03165', '1'),
('CP-00002', '03173', '1'),
('CP-00002', '03177', '1'),
('CP-00002', '03181', '1'),
('CP-00002', '03183', '1'),
('CP-00002', '03184', '1'),
('CP-00002', '03185', '1'),
('CP-00002', '03193', '1'),
('CP-00002', '03194', '1'),
('CP-00002', '03195', '1'),
('CP-00002', '03196', '1'),
('CP-00002', '03203', '1'),
('CP-00002', '03204', '1'),
('CP-00002', '03176', '1'),
('CP-00002', '03198', '1'),
('CP-00002', '03199', '1'),
('CP-00002', '03205', '1'),
('CP-00002', '03206', '1'),
('CP-00002', '03212', '1'),
('CP-00002', '03187', '1'),
('CP-00002', '03189', '1'),
('CP-00002', '03191', '1'),
('CP-00002', '03192', '1'),
('CP-00002', '03213', '1'),
('CP-00002', '03200', '1'),
('CP-00002', '03201', '1'),
('CP-00002', '03202', '1'),
('CP-00002', '03214', '1'),
('CP-00002', '03211', '1'),
('CP-00002', '03218', '1'),
('CP-00002', '03224', '1'),
('CP-00002', '03226', '1'),
('CP-00002', '03227', '1'),
('CP-00002', '03229', '1'),
('CP-00002', '03230', '1'),
('CP-00002', '03231', '1'),
('CP-00002', '03232', '1'),
('CP-00002', '03233', '1'),
('CP-00002', '03219', '1'),
('CP-00002', '03220', '1'),
('CP-00002', '03221', '1'),
('CP-00002', '03222', '1'),
('CP-00002', '03223', '1'),
('CP-00002', '03225', '1'),
('CP-00002', '03228', '1'),
('CP-00002', '03234', '1'),
('CP-00002', '03235', '1'),
('CP-00002', '03236', '1'),
('CP-00002', '03237', '1'),
('CP-00002', '03239', '1'),
('CP-00002', '03240', '1'),
('CP-00002', '03243', '1'),
('CP-00002', '03248', '1'),
('CP-00002', '03249', '1'),
('CP-00002', '03241', '1'),
('CP-00002', '03250', '1'),
('CP-00002', '03255', '1'),
('CP-00002', '03256', '1'),
('CP-00002', '03244', '1'),
('CP-00002', '03246', '1'),
('CP-00002', '03251', '1'),
('CP-00002', '03252', '1'),
('CP-00002', '03253', '1'),
('CP-00002', '03257', '1'),
('CP-00002', '03258', '1'),
('CP-00002', '03259', '1'),
('CP-00002', '03260', '1'),
('CP-00002', '03262', '1'),
('CP-00002', '03263', '1'),
('CP-00002', '03265', '1'),
('CP-00002', '03267', '1'),
('CP-00002', '03269', '1'),
('CP-00002', '03275', '1'),
('CP-00002', '03261', '1'),
('CP-00002', '03266', '1'),
('CP-00002', '03272', '1'),
('CP-00002', '03274', '1'),
('CP-00002', '03276', '1'),
('CP-00002', '03278', '1'),
('CP-00002', '03279', '1'),
('CP-00002', '03280', '1'),
('CP-00002', '03268', '1'),
('CP-00002', '03273', '1'),
('CP-00002', '03271', '1'),
('CP-00002', '03277', '1'),
('CP-00002', '03285', '1'),
('CP-00002', '03286', '1'),
('CP-00002', '03287', '1'),
('CP-00002', '03288', '1'),
('CP-00002', '03289', '1'),
('CP-00002', '03290', '1'),
('CP-00002', '03291', '1'),
('CP-00002', '03292', '1'),
('CP-00002', '03281', '1'),
('CP-00002', '03293', '1'),
('CP-00002', '03294', '1'),
('CP-00002', '03295', '1'),
('CP-00002', '03299', '1'),
('CP-00002', '03300', '1'),
('CP-00002', '03301', '1'),
('CP-00002', '03283', '1'),
('CP-00002', '03284', '1'),
('CP-00002', '03304', '1'),
('CP-00002', '03305', '1'),
('CP-00002', '03306', '1'),
('CP-00002', '03307', '1'),
('CP-00002', '03308', '1'),
('CP-00002', '03309', '1'),
('CP-00002', '03296', '1'),
('CP-00002', '03298', '1'),
('CP-00002', '03310', '1'),
('CP-00002', '03312', '1'),
('CP-00002', '03318', '1'),
('CP-00002', '03319', '1'),
('CP-00002', '03320', '1'),
('CP-00002', '03303', '1'),
('CP-00002', '03322', '1'),
('CP-00002', '03324', '1'),
('CP-00002', '03326', '1'),
('CP-00002', '03331', '1'),
('CP-00002', '03332', '1'),
('CP-00002', '03333', '1'),
('CP-00002', '03313', '1'),
('CP-00002', '03314', '1'),
('CP-00002', '03327', '1'),
('CP-00002', '03334', '1'),
('CP-00002', '03335', '1'),
('CP-00002', '03337', '1'),
('CP-00002', '03339', '1'),
('CP-00002', '03315', '1'),
('CP-00002', '03316', '1'),
('CP-00002', '03342', '1'),
('CP-00002', '03343', '1'),
('CP-00002', '03344', '1'),
('CP-00002', '03345', '1'),
('CP-00002', '03347', '1'),
('CP-00002', '03323', '1'),
('CP-00002', '03336', '1'),
('CP-00002', '03348', '1'),
('CP-00002', '03349', '1'),
('CP-00002', '03350', '1'),
('CP-00002', '03352', '1'),
('CP-00002', '03353', '1'),
('CP-00002', '03355', '1'),
('CP-00002', '03328', '1'),
('CP-00002', '03329', '1'),
('CP-00002', '03330', '1'),
('CP-00002', '03354', '1'),
('CP-00002', '03356', '1'),
('CP-00002', '03357', '1'),
('CP-00002', '03359', '1'),
('CP-00002', '03361', '1'),
('CP-00002', '03365', '1'),
('CP-00002', '03371', '1'),
('CP-00002', '03358', '1'),
('CP-00002', '03360', '1'),
('CP-00002', '03366', '1'),
('CP-00002', '03369', '1'),
('CP-00002', '03370', '1'),
('CP-00002', '03373', '1'),
('CP-00002', '03378', '1'),
('CP-00002', '03379', '1'),
('CP-00002', '03362', '1'),
('CP-00002', '03364', '1'),
('CP-00002', '03383', '1'),
('CP-00002', '03387', '1'),
('CP-00002', '03393', '1'),
('CP-00002', '03394', '1'),
('CP-00002', '03395', '1'),
('CP-00002', '03396', '1'),
('CP-00002', '03397', '1'),
('CP-00002', '03367', '1'),
('CP-00002', '03368', '1'),
('CP-00002', '03374', '1'),
('CP-00002', '03375', '1'),
('CP-00002', '03381', '1'),
('CP-00002', '03382', '1'),
('CP-00002', '03385', '1'),
('CP-00002', '03386', '1'),
('CP-00002', '03384', '1'),
('CP-00002', '03388', '1'),
('CP-00002', '03389', '1'),
('CP-00002', '03390', '1'),
('CP-00002', '03392', '1'),
('CP-00002', '03398', '1'),
('CP-00002', '03399', '1'),
('CP-00002', '03400', '1'),
('CP-00002', '03401', '1'),
('CP-00002', '03402', '1'),
('CP-00002', '03405', '1'),
('CP-00002', '03406', '1'),
('CP-00002', '03407', '1'),
('CP-00002', '03408', '1'),
('CP-00002', '03409', '1'),
('CP-00002', '03416', '1'),
('CP-00002', '03403', '1'),
('CP-00002', '03404', '1'),
('CP-00002', '03410', '1'),
('CP-00002', '03412', '1'),
('CP-00002', '03413', '1'),
('CP-00002', '03414', '1'),
('CP-00002', '03415', '1'),
('CP-00002', '03417', '1'),
('CP-00002', '03423', '1'),
('CP-00002', '03411', '1'),
('CP-00002', '03418', '1'),
('CP-00002', '03424', '1'),
('CP-00002', '03426', '1'),
('CP-00002', '03429', '1'),
('CP-00002', '03430', '1'),
('CP-00002', '03431', '1'),
('CP-00002', '03435', '1'),
('CP-00002', '03419', '1'),
('CP-00002', '03420', '1'),
('CP-00002', '03421', '1'),
('CP-00002', '03422', '1'),
('CP-00002', '03425', '1'),
('CP-00002', '03432', '1'),
('CP-00002', '03433', '1'),
('CP-00002', '03434', '1'),
('CP-00002', '03436', '1'),
('CP-00002', '03427', '1'),
('CP-00002', '03437', '1'),
('CP-00002', '03438', '1'),
('CP-00002', '03439', '1'),
('CP-00002', '03440', '1'),
('CP-00002', '03442', '1'),
('CP-00002', '03443', '1'),
('CP-00002', '03444', '1'),
('CP-00002', '03446', '1'),
('CP-00002', '03450', '1'),
('CP-00002', '03445', '1'),
('CP-00002', '03449', '1'),
('CP-00002', '03451', '1'),
('CP-00002', '03452', '1'),
('CP-00002', '03456', '1'),
('CP-00002', '03457', '1'),
('CP-00002', '03458', '1'),
('CP-00002', '03459', '1'),
('CP-00002', '03462', '1'),
('CP-00002', '03447', '1'),
('CP-00002', '03454', '1'),
('CP-00002', '03460', '1'),
('CP-00002', '03461', '1'),
('CP-00002', '03463', '1'),
('CP-00002', '03464', '1'),
('CP-00002', '03465', '1'),
('CP-00002', '03468', '1'),
('CP-00002', '03473', '1'),
('CP-00002', '03448', '1'),
('CP-00002', '03453', '1'),
('CP-00002', '03455', '1'),
('CP-00002', '03466', '1'),
('CP-00002', '03469', '1'),
('CP-00002', '03471', '1'),
('CP-00002', '03472', '1'),
('CP-00002', '03467', '1'),
('CP-00002', '03470', '1'),
('CP-00002', '03475', '1'),
('CP-00002', '03476', '1'),
('CP-00002', '03477', '1'),
('CP-00002', '03479', '1'),
('CP-00002', '03481', '1'),
('CP-00002', '03482', '1'),
('CP-00002', '03483', '1'),
('CP-00002', '03485', '1'),
('CP-00002', '03486', '1'),
('CP-00002', '03478', '1'),
('CP-00002', '03487', '1'),
('CP-00002', '03490', '1'),
('CP-00002', '03491', '1'),
('CP-00002', '03492', '1'),
('CP-00002', '03493', '1'),
('CP-00002', '03496', '1'),
('CP-00002', '03497', '1'),
('CP-00002', '03502', '1'),
('CP-00002', '03480', '1'),
('CP-00002', '03505', '1'),
('CP-00002', '03508', '1'),
('CP-00002', '03511', '1'),
('CP-00002', '03513', '1'),
('CP-00002', '03514', '1'),
('CP-00002', '03516', '1'),
('CP-00002', '03518', '1'),
('CP-00002', '03520', '1'),
('CP-00002', '03515', '1'),
('CP-00002', '03524', '1'),
('CP-00002', '03529', '1'),
('CP-00002', '03533', '1'),
('CP-00002', '03534', '1'),
('CP-00002', '03537', '1'),
('CP-00002', '03541', '1'),
('CP-00002', '03542', '1'),
('CP-00002', '03543', '1'),
('CP-00002', '03521', '1'),
('CP-00002', '03527', '1'),
('CP-00002', '03528', '1'),
('CP-00002', '03530', '1'),
('CP-00002', '03531', '1'),
('CP-00002', '03535', '1'),
('CP-00002', '03536', '1'),
('CP-00002', '03538', '1'),
('CP-00002', '03539', '1'),
('CP-00002', '03532', '1'),
('CP-00002', '03540', '1'),
('CP-00002', '03545', '1'),
('CP-00002', '03546', '1'),
('CP-00002', '03547', '1'),
('CP-00002', '03544', '1'),
('CP-00002', '03484', '1'),
('CP-00002', '03488', '1'),
('CP-00002', '03489', '1'),
('CP-00002', '03494', '1'),
('CP-00002', '03498', '1'),
('CP-00002', '03499', '1'),
('CP-00002', '03501', '1'),
('CP-00002', '03503', '1'),
('CP-00002', '03504', '1'),
('CP-00002', '03495', '1'),
('CP-00002', '03500', '1'),
('CP-00002', '03506', '1'),
('CP-00002', '03517', '1'),
('CP-00002', '03519', '1'),
('CP-00002', '03522', '1'),
('CP-00002', '03523', '1'),
('CP-00002', '03525', '1'),
('CP-00002', '03526', '1'),
('CP-00002', '03507', '1'),
('CP-00002', '03509', '1'),
('CP-00002', '03512', '1'),
('CP-00002', '03510', '1'),
('CP-00002', '03548', '1'),
('CP-00002', '03549', '1'),
('CP-00002', '03551', '1'),
('CP-00002', '03552', '1'),
('CP-00002', '03554', '1'),
('CP-00002', '03556', '1'),
('CP-00002', '03557', '1'),
('CP-00002', '03558', '1'),
('CP-00002', '03559', '1'),
('CP-00002', '03550', '1'),
('CP-00002', '03553', '1'),
('CP-00002', '03562', '1'),
('CP-00002', '03563', '1'),
('CP-00002', '03566', '1'),
('CP-00002', '03567', '1'),
('CP-00002', '03569', '1'),
('CP-00002', '03572', '1'),
('CP-00002', '03555', '1'),
('CP-00002', '03560', '1'),
('CP-00002', '03570', '1'),
('CP-00002', '03575', '1'),
('CP-00002', '03589', '1'),
('CP-00002', '03599', '1'),
('CP-00002', '03561', '1'),
('CP-00002', '03604', '1'),
('CP-00002', '03564', '1'),
('CP-00002', '03565', '1'),
('CP-00002', '03571', '1'),
('CP-00002', '03573', '1'),
('CP-00002', '03574', '1'),
('CP-00002', '03576', '1'),
('CP-00002', '03591', '1'),
('CP-00002', '03596', '1'),
('CP-00002', '03577', '1'),
('CP-00002', '03578', '1'),
('CP-00003', '00001', '4520'),
('CP-00003', '00002', '4522'),
('CP-00003', '00003', '7852'),
('CP-00003', '00004', '8965'),
('CP-00003', '00005', '4572'),
('CP-00003', '00006', '4528'),
('CP-00003', '00007', '6987'),
('CP-00003', '00008', '1248'),
('CP-00003', '00010', '78521'),
('CP-00003', '00011', '5698'),
('CP-00003', '00012', '32695'),
('CP-00003', '00013', '7855'),
('CP-00003', '00014', '1274'),
('CP-00003', '00015', '4521'),
('CP-00003', '00016', '3621'),
('CP-00003', '00017', '7852'),
('CP-00003', '00018', '4521'),
('CP-00003', '00019', '1258'),
('CP-00003', '00020', '3625'),
('CP-00003', '00021', '9814'),
('CP-00003', '00022', '3614'),
('CP-00003', '00023', '7874'),
('CP-00003', '00024', '1245'),
('CP-00003', '00025', '9874'),
('CP-00003', '00026', '6584'),
('CP-00003', '00027', '78125'),
('CP-00003', '00028', '4520'),
('CP-00003', '00030', '4522'),
('CP-00003', '00031', '7852'),
('CP-00003', '00032', '8965'),
('CP-00003', '00033', '4572'),
('CP-00003', '00034', '4528'),
('CP-00003', '00035', '6987'),
('CP-00003', '00036', '1248'),
('CP-00003', '00037', '78521'),
('CP-00003', '00038', '5698'),
('CP-00003', '00039', '32695'),
('CP-00003', '00040', '7855'),
('CP-00003', '00041', '1274'),
('CP-00003', '00042', '4521'),
('CP-00003', '00043', '3621'),
('CP-00003', '00044', '7852'),
('CP-00003', '00045', '4521'),
('CP-00003', '00046', '1258'),
('CP-00003', '00047', '3625'),
('CP-00003', '00048', '9814'),
('CP-00003', '00049', '3614'),
('CP-00003', '00050', '7874'),
('CP-00003', '00051', '1245'),
('CP-00003', '00052', '9874'),
('CP-00003', '00053', '6584'),
('CP-00003', '00054', '78125'),
('CP-00003', '00055', '4520'),
('CP-00003', '00056', '4522'),
('CP-00003', '00057', '7852'),
('CP-00003', '00058', '8965'),
('CP-00003', '00059', '4572'),
('CP-00003', '00060', '4528'),
('CP-00003', '00061', '6987'),
('CP-00003', '00062', '1248'),
('CP-00003', '00064', '78521'),
('CP-00003', '00065', '5698'),
('CP-00003', '00066', '32695'),
('CP-00003', '00067', '7855'),
('CP-00003', '00068', '1274'),
('CP-00003', '00069', '4521'),
('CP-00003', '00070', '3621'),
('CP-00003', '00071', '7852'),
('CP-00003', '00072', '4521'),
('CP-00003', '00073', '1258'),
('CP-00003', '00074', '3625'),
('CP-00003', '00075', '9814'),
('CP-00003', '00076', '3614'),
('CP-00003', '00077', '7874'),
('CP-00003', '00078', '1245'),
('CP-00003', '00079', '9874'),
('CP-00003', '00080', '6584'),
('CP-00003', '00081', '78125'),
('CP-00003', '03100', '4520'),
('CP-00003', '03101', '4522'),
('CP-00003', '03102', '7852'),
('CP-00003', '03103', '8965'),
('CP-00003', '03104', '4572'),
('CP-00003', '03126', '4528'),
('CP-00003', '03127', '6987'),
('CP-00003', '03123', '1248'),
('CP-00003', '03124', '78521'),
('CP-00003', '00082', '5698'),
('CP-00003', '03125', '32695'),
('CP-00003', '03128', '7855'),
('CP-00003', '03129', '1274'),
('CP-00003', '03130', '4521'),
('CP-00003', '03131', '3621'),
('CP-00003', '03132', '7852'),
('CP-00003', '03133', '4521'),
('CP-00003', '03134', '1258'),
('CP-00003', '03135', '3625'),
('CP-00003', '03136', '9814'),
('CP-00003', '00083', '3614'),
('CP-00003', '03137', '7874'),
('CP-00003', '03138', '1245'),
('CP-00003', '03139', '9874'),
('CP-00003', '03140', '6584'),
('CP-00003', '03144', '78125'),
('CP-00003', '03145', '4520'),
('CP-00003', '03146', '4522'),
('CP-00003', '03147', '7852'),
('CP-00003', '00084', '8965'),
('CP-00003', '03148', '4572'),
('CP-00003', '03149', '4528'),
('CP-00003', '03153', '6987'),
('CP-00003', '03150', '1248'),
('CP-00003', '03156', '78521'),
('CP-00003', '03155', '5698'),
('CP-00003', '03157', '32695'),
('CP-00003', '00085', '7855'),
('CP-00003', '03158', '1274'),
('CP-00003', '03159', '4521'),
('CP-00003', '03160', '3621'),
('CP-00003', '03161', '7852'),
('CP-00003', '03162', '4521'),
('CP-00003', '03163', '1258'),
('CP-00003', '03164', '3625'),
('CP-00003', '03168', '9814'),
('CP-00003', '00086', '3614'),
('CP-00003', '03105', '7874'),
('CP-00003', '03107', '1245'),
('CP-00003', '03108', '9874'),
('CP-00003', '03109', '6584'),
('CP-00003', '03110', '78125'),
('CP-00003', '03111', '4520'),
('CP-00003', '00087', '4522'),
('CP-00003', '03112', '7852'),
('CP-00003', '03113', '8965'),
('CP-00003', '03114', '4572'),
('CP-00003', '03115', '4528'),
('CP-00003', '03116', '6987'),
('CP-00003', '03117', '1248'),
('CP-00003', '03118', '78521'),
('CP-00003', '00088', '5698'),
('CP-00003', '03119', '32695'),
('CP-00003', '03120', '7855'),
('CP-00003', '03121', '1274'),
('CP-00003', '03122', '4521'),
('CP-00003', '03166', '3621'),
('CP-00003', '03167', '7852'),
('CP-00003', '03169', '4521'),
('CP-00003', '03170', '1258'),
('CP-00003', '00089', '3625'),
('CP-00003', '00090', '9814'),
('CP-00003', '00091', '3614'),
('CP-00003', '00092', '7874'),
('CP-00003', '00093', '1245'),
('CP-00003', '00094', '9874'),
('CP-00003', '00095', '6584'),
('CP-00003', '00096', '78125'),
('CP-00003', '00097', '4521'),
('CP-00003', '00098', '4520'),
('CP-00003', '00099', '4522'),
('CP-00003', '00101', '7852'),
('CP-00003', '00103', '8965'),
('CP-00003', '00106', '4572'),
('CP-00003', '00107', '4528'),
('CP-00003', '00108', '6987'),
('CP-00003', '00109', '1248'),
('CP-00003', '00110', '78521'),
('CP-00003', '00111', '5698'),
('CP-00003', '00112', '32695'),
('CP-00003', '00113', '7855'),
('CP-00003', '00114', '1274'),
('CP-00003', '00115', '4521'),
('CP-00003', '00116', '3621'),
('CP-00003', '00117', '7852'),
('CP-00003', '00118', '4521'),
('CP-00003', '00119', '1258'),
('CP-00003', '00120', '3625'),
('CP-00003', '00121', '9814'),
('CP-00003', '00122', '3614'),
('CP-00003', '00123', '7874'),
('CP-00003', '00124', '1245'),
('CP-00003', '00125', '9874'),
('CP-00003', '00126', '6584'),
('CP-00003', '00127', '78125'),
('CP-00003', '00130', '4520'),
('CP-00003', '00131', '4522'),
('CP-00003', '00132', '7852'),
('CP-00003', '00133', '8965'),
('CP-00003', '00134', '4572'),
('CP-00003', '00135', '4528'),
('CP-00003', '00136', '6987'),
('CP-00003', '00137', '1248'),
('CP-00003', '00138', '78521'),
('CP-00003', '00139', '5698'),
('CP-00003', '00140', '32695'),
('CP-00003', '00142', '7855'),
('CP-00003', '00143', '1274'),
('CP-00003', '00144', '4521'),
('CP-00003', '00145', '3621'),
('CP-00003', '00146', '7852'),
('CP-00003', '00147', '4521'),
('CP-00003', '00148', '1258'),
('CP-00003', '00149', '3625'),
('CP-00003', '00150', '9814'),
('CP-00003', '00151', '3614'),
('CP-00003', '00152', '7874'),
('CP-00003', '00153', '1245'),
('CP-00003', '00154', '9874'),
('CP-00003', '00155', '6584'),
('CP-00003', '00156', '78125'),
('CP-00003', '00157', '4520'),
('CP-00003', '00158', '4522'),
('CP-00003', '00159', '7852'),
('CP-00003', '00160', '8965'),
('CP-00003', '00161', '4572'),
('CP-00003', '00162', '4528'),
('CP-00003', '00163', '6987'),
('CP-00003', '00164', '1248'),
('CP-00003', '00165', '78521'),
('CP-00003', '00166', '5698'),
('CP-00003', '00167', '32695'),
('CP-00003', '00168', '7855'),
('CP-00003', '00169', '1274'),
('CP-00003', '00170', '4521'),
('CP-00003', '00171', '3621'),
('CP-00003', '00172', '7852'),
('CP-00003', '00173', '4521'),
('CP-00003', '00174', '1258'),
('CP-00003', '00175', '3625'),
('CP-00003', '00177', '9814'),
('CP-00003', '00178', '3614'),
('CP-00003', '00179', '7874'),
('CP-00003', '00180', '1245'),
('CP-00003', '00181', '9874'),
('CP-00003', '00182', '6584'),
('CP-00003', '00183', '78125'),
('CP-00003', '00184', '4520'),
('CP-00003', '00185', '4522'),
('CP-00003', '00186', '7852'),
('CP-00003', '00187', '8965'),
('CP-00003', '00188', '4572'),
('CP-00003', '00189', '4528'),
('CP-00003', '00192', '6987'),
('CP-00003', '00193', '1248'),
('CP-00003', '00194', '78521'),
('CP-00003', '00195', '5698'),
('CP-00003', '00196', '32695'),
('CP-00003', '00197', '7855'),
('CP-00003', '00199', '1274'),
('CP-00003', '00200', '4521'),
('CP-00003', '00201', '3621'),
('CP-00003', '00202', '7852'),
('CP-00003', '00203', '4521'),
('CP-00003', '00204', '1258'),
('CP-00003', '00208', '3625'),
('CP-00003', '00209', '9814'),
('CP-00003', '00210', '3614'),
('CP-00003', '00211', '7874'),
('CP-00003', '00212', '1245'),
('CP-00003', '00213', '9874'),
('CP-00003', '00214', '6584'),
('CP-00003', '00215', '78125'),
('CP-00003', '00216', '4520'),
('CP-00003', '00217', '4522'),
('CP-00003', '00218', '7852'),
('CP-00003', '00219', '8965'),
('CP-00003', '00220', '4572'),
('CP-00003', '00221', '4528'),
('CP-00003', '00222', '6987'),
('CP-00003', '00224', '1248'),
('CP-00003', '00227', '78521'),
('CP-00003', '00228', '5698'),
('CP-00003', '00230', '32695'),
('CP-00003', '00231', '7855'),
('CP-00003', '00232', '1274'),
('CP-00003', '00234', '4521'),
('CP-00003', '00235', '3621'),
('CP-00003', '00236', '7852'),
('CP-00003', '00240', '4521'),
('CP-00003', '00241', '1258'),
('CP-00003', '00242', '3625'),
('CP-00003', '00243', '9814'),
('CP-00003', '00244', '3614'),
('CP-00003', '00245', '7874'),
('CP-00003', '00246', '1245'),
('CP-00003', '00247', '9874'),
('CP-00003', '00248', '6584'),
('CP-00003', '00249', '78125'),
('CP-00003', '00250', '4520'),
('CP-00003', '00251', '4522'),
('CP-00003', '00252', '7852'),
('CP-00003', '00254', '8965'),
('CP-00003', '00255', '4572'),
('CP-00003', '00256', '4528'),
('CP-00003', '00257', '6987'),
('CP-00003', '00258', '1248'),
('CP-00003', '00259', '78521'),
('CP-00003', '00260', '5698'),
('CP-00003', '00261', '32695'),
('CP-00003', '00262', '7855'),
('CP-00003', '00263', '1274'),
('CP-00003', '00264', '4521'),
('CP-00003', '00265', '3621'),
('CP-00003', '00266', '7852'),
('CP-00003', '00267', '4521'),
('CP-00003', '00268', '1258'),
('CP-00003', '00269', '3625'),
('CP-00003', '00270', '9814'),
('CP-00003', '00271', '3614'),
('CP-00003', '00272', '7874'),
('CP-00003', '00273', '1245'),
('CP-00003', '00274', '9874'),
('CP-00003', '00275', '6584'),
('CP-00003', '00276', '78125'),
('CP-00003', '00277', '4520'),
('CP-00003', '00278', '4522'),
('CP-00003', '00279', '7852'),
('CP-00003', '00284', '8965'),
('CP-00003', '00285', '4572'),
('CP-00003', '00286', '4528'),
('CP-00003', '00287', '6987'),
('CP-00003', '00288', '1248'),
('CP-00003', '00289', '78521'),
('CP-00003', '00290', '5698'),
('CP-00003', '00291', '32695'),
('CP-00003', '00292', '7855'),
('CP-00003', '00293', '1274'),
('CP-00003', '00294', '4521'),
('CP-00003', '00295', '3621'),
('CP-00003', '00296', '7852'),
('CP-00003', '00300', '4521'),
('CP-00003', '00301', '1258'),
('CP-00003', '00302', '3625'),
('CP-00003', '00305', '9814'),
('CP-00003', '00306', '3614'),
('CP-00003', '00307', '7874'),
('CP-00003', '00308', '1245'),
('CP-00003', '00309', '9874'),
('CP-00003', '00310', '6584'),
('CP-00003', '00311', '78125'),
('CP-00003', '00312', '4520'),
('CP-00003', '00313', '4522'),
('CP-00003', '00314', '7852'),
('CP-00003', '00315', '8965'),
('CP-00003', '00316', '4572'),
('CP-00003', '00317', '4528'),
('CP-00003', '00318', '6987'),
('CP-00003', '00319', '1248'),
('CP-00003', '00320', '78521'),
('CP-00003', '00321', '5698'),
('CP-00003', '00322', '32695'),
('CP-00003', '00323', '7855'),
('CP-00003', '00324', '1274'),
('CP-00003', '00325', '4521'),
('CP-00003', '00326', '3621'),
('CP-00003', '00327', '7852'),
('CP-00003', '00328', '4521'),
('CP-00003', '00329', '1258'),
('CP-00003', '00330', '3625'),
('CP-00003', '00331', '9814'),
('CP-00003', '00332', '3614'),
('CP-00003', '00333', '7874'),
('CP-00003', '00334', '1245'),
('CP-00003', '00335', '9874'),
('CP-00003', '00336', '6584'),
('CP-00003', '00337', '78125'),
('CP-00003', '00338', '4520'),
('CP-00003', '00339', '4522'),
('CP-00003', '00340', '7852'),
('CP-00003', '00341', '8965'),
('CP-00003', '00342', '4572'),
('CP-00003', '00343', '4528'),
('CP-00003', '00344', '6987'),
('CP-00003', '00345', '1248'),
('CP-00003', '00346', '78521'),
('CP-00003', '00349', '5698'),
('CP-00003', '00350', '32695'),
('CP-00003', '00351', '7855'),
('CP-00003', '00352', '1274'),
('CP-00003', '00353', '4521'),
('CP-00003', '00354', '3621'),
('CP-00003', '00355', '7852'),
('CP-00003', '00356', '4521'),
('CP-00003', '00357', '1258'),
('CP-00003', '00358', '3625'),
('CP-00003', '00359', '9814'),
('CP-00003', '00360', '3614'),
('CP-00003', '00361', '7874'),
('CP-00003', '00362', '1245'),
('CP-00003', '00363', '9874'),
('CP-00003', '00364', '6584'),
('CP-00003', '00367', '78125'),
('CP-00003', '00368', '4520'),
('CP-00003', '00369', '4522'),
('CP-00003', '00370', '7852'),
('CP-00003', '00371', '8965'),
('CP-00003', '00374', '4572'),
('CP-00003', '00375', '4528'),
('CP-00003', '00376', '6987'),
('CP-00003', '00377', '1248'),
('CP-00003', '00379', '78521'),
('CP-00003', '00380', '5698'),
('CP-00003', '00381', '32695'),
('CP-00003', '00382', '7855'),
('CP-00003', '00383', '1274'),
('CP-00003', '00385', '4521'),
('CP-00003', '00386', '3621'),
('CP-00003', '00387', '7852'),
('CP-00003', '00389', '4521'),
('CP-00003', '00390', '1258'),
('CP-00003', '00391', '3625'),
('CP-00003', '00392', '9814'),
('CP-00003', '00395', '3614'),
('CP-00003', '00396', '7874'),
('CP-00003', '00403', '1245'),
('CP-00003', '00404', '9874'),
('CP-00003', '00406', '6584'),
('CP-00003', '00407', '78125'),
('CP-00003', '00408', '4520'),
('CP-00003', '00409', '4522'),
('CP-00003', '00410', '7852'),
('CP-00003', '00411', '8965'),
('CP-00003', '00412', '4572'),
('CP-00003', '00413', '4528'),
('CP-00003', '00414', '6987'),
('CP-00003', '00415', '1248'),
('CP-00003', '00418', '78521'),
('CP-00003', '00420', '5698'),
('CP-00003', '00421', '32695'),
('CP-00003', '00422', '7855'),
('CP-00003', '00423', '1274'),
('CP-00003', '00424', '4521'),
('CP-00003', '00425', '3621'),
('CP-00003', '00426', '7852'),
('CP-00003', '00427', '4521'),
('CP-00003', '00428', '1258'),
('CP-00003', '00429', '3625'),
('CP-00003', '00431', '9814'),
('CP-00003', '00436', '3614'),
('CP-00003', '00440', '7874'),
('CP-00003', '00441', '1245'),
('CP-00003', '00442', '9874'),
('CP-00003', '00443', '6584'),
('CP-00003', '00444', '78125'),
('CP-00003', '00445', '4520'),
('CP-00003', '00446', '4522'),
('CP-00003', '00447', '7852'),
('CP-00003', '00448', '8965'),
('CP-00003', '00449', '4572'),
('CP-00003', '00450', '4528'),
('CP-00003', '00451', '6987'),
('CP-00003', '00452', '1248'),
('CP-00003', '00453', '78521'),
('CP-00003', '00454', '5698'),
('CP-00003', '00455', '32695'),
('CP-00003', '00456', '7855'),
('CP-00003', '00457', '1274'),
('CP-00003', '00458', '4521'),
('CP-00003', '00459', '3621'),
('CP-00003', '00460', '7852'),
('CP-00003', '00461', '4521'),
('CP-00003', '00462', '1258'),
('CP-00003', '00463', '3625'),
('CP-00003', '00465', '9814'),
('CP-00003', '00466', '3614'),
('CP-00003', '00468', '7874'),
('CP-00003', '00469', '1245'),
('CP-00003', '00470', '9874'),
('CP-00003', '00471', '6584'),
('CP-00003', '00472', '78125'),
('CP-00003', '00474', '4521'),
('CP-00003', '00475', '4520'),
('CP-00003', '00476', '4522'),
('CP-00003', '00477', '7852'),
('CP-00003', '00478', '8965'),
('CP-00003', '00479', '4572'),
('CP-00003', '00480', '4528'),
('CP-00003', '00481', '6987'),
('CP-00003', '00482', '1248'),
('CP-00003', '00483', '78521'),
('CP-00003', '00484', '5698'),
('CP-00003', '00485', '32695'),
('CP-00003', '00486', '7855'),
('CP-00003', '00488', '1274'),
('CP-00003', '00489', '4521'),
('CP-00003', '00490', '3621'),
('CP-00003', '00491', '7852'),
('CP-00003', '00492', '4521'),
('CP-00003', '00494', '1258'),
('CP-00003', '00495', '3625'),
('CP-00003', '00496', '9814'),
('CP-00003', '00498', '3614'),
('CP-00003', '00499', '7874'),
('CP-00003', '00500', '1245'),
('CP-00003', '00501', '9874'),
('CP-00003', '00503', '6584'),
('CP-00003', '00504', '78125'),
('CP-00003', '00505', '4520'),
('CP-00003', '00506', '4522'),
('CP-00003', '00507', '7852'),
('CP-00003', '00508', '8965'),
('CP-00003', '00509', '4572'),
('CP-00003', '00510', '4528'),
('CP-00003', '00511', '6987'),
('CP-00003', '00514', '1248'),
('CP-00003', '00516', '78521'),
('CP-00003', '00517', '5698'),
('CP-00003', '00518', '32695'),
('CP-00003', '00519', '7855'),
('CP-00003', '00520', '1274'),
('CP-00003', '00521', '4521'),
('CP-00003', '00523', '3621'),
('CP-00003', '00524', '7852'),
('CP-00003', '00525', '4521'),
('CP-00003', '00526', '1258'),
('CP-00003', '00527', '3625'),
('CP-00003', '00528', '9814'),
('CP-00003', '00529', '3614'),
('CP-00003', '00531', '7874'),
('CP-00003', '00535', '1245'),
('CP-00003', '00536', '9874'),
('CP-00003', '00538', '6584'),
('CP-00003', '00539', '78125'),
('CP-00003', '00540', '4520'),
('CP-00003', '00541', '4522'),
('CP-00003', '00542', '7852'),
('CP-00003', '00543', '8965'),
('CP-00003', '00544', '4572'),
('CP-00003', '00545', '4528'),
('CP-00003', '00546', '6987'),
('CP-00003', '00547', '1248'),
('CP-00003', '00548', '78521'),
('CP-00003', '00549', '5698'),
('CP-00003', '00550', '32695'),
('CP-00003', '00551', '7855'),
('CP-00003', '00552', '1274'),
('CP-00003', '00553', '4521'),
('CP-00003', '00554', '3621'),
('CP-00003', '00555', '7852'),
('CP-00003', '00556', '4521'),
('CP-00003', '00557', '1258'),
('CP-00003', '00558', '3625'),
('CP-00003', '00559', '9814'),
('CP-00003', '00560', '3614'),
('CP-00003', '00561', '7874'),
('CP-00003', '00562', '1245'),
('CP-00003', '00563', '9874'),
('CP-00003', '00564', '6584'),
('CP-00003', '00566', '78125'),
('CP-00003', '00567', '4520'),
('CP-00003', '00568', '4522'),
('CP-00003', '00569', '7852'),
('CP-00003', '00570', '8965'),
('CP-00003', '00571', '4572'),
('CP-00003', '00572', '4528'),
('CP-00003', '00573', '6987'),
('CP-00003', '00574', '1248'),
('CP-00003', '00575', '78521'),
('CP-00003', '00576', '5698'),
('CP-00003', '00577', '32695'),
('CP-00003', '00580', '7855'),
('CP-00003', '00581', '1274'),
('CP-00003', '00582', '4521'),
('CP-00003', '00583', '3621'),
('CP-00003', '00585', '7852'),
('CP-00003', '00587', '4521'),
('CP-00003', '00588', '1258'),
('CP-00003', '00589', '3625'),
('CP-00003', '00590', '9814'),
('CP-00003', '00591', '3614'),
('CP-00003', '00592', '7874'),
('CP-00003', '00593', '1245'),
('CP-00003', '00594', '9874'),
('CP-00003', '00595', '6584'),
('CP-00003', '00597', '78125'),
('CP-00003', '00598', '4520'),
('CP-00003', '00599', '4522'),
('CP-00003', '00600', '7852'),
('CP-00003', '00601', '8965'),
('CP-00003', '00602', '4572'),
('CP-00003', '00603', '4528'),
('CP-00003', '00604', '6987'),
('CP-00003', '00605', '1248'),
('CP-00003', '00606', '78521'),
('CP-00003', '00607', '5698'),
('CP-00003', '00608', '32695'),
('CP-00003', '00609', '7855'),
('CP-00003', '00610', '1274'),
('CP-00003', '00611', '4521'),
('CP-00003', '00613', '3621'),
('CP-00003', '00614', '7852'),
('CP-00003', '00615', '4521'),
('CP-00003', '00616', '1258'),
('CP-00003', '00617', '3625'),
('CP-00003', '00618', '9814'),
('CP-00003', '00619', '3614'),
('CP-00003', '00620', '7874'),
('CP-00003', '00621', '1245'),
('CP-00003', '00622', '9874'),
('CP-00003', '00623', '6584'),
('CP-00003', '00624', '78125'),
('CP-00003', '00625', '4520'),
('CP-00003', '00626', '4522'),
('CP-00003', '00627', '7852'),
('CP-00003', '00628', '8965'),
('CP-00003', '00629', '4572'),
('CP-00003', '00630', '4528'),
('CP-00003', '00631', '6987'),
('CP-00003', '00632', '1248'),
('CP-00003', '00633', '78521'),
('CP-00003', '00634', '5698'),
('CP-00003', '00635', '32695'),
('CP-00003', '00639', '7855'),
('CP-00003', '00640', '1274'),
('CP-00003', '00641', '4521'),
('CP-00003', '00642', '3621'),
('CP-00003', '00643', '7852'),
('CP-00003', '00644', '4521'),
('CP-00003', '00645', '1258'),
('CP-00003', '00646', '3625'),
('CP-00003', '00647', '9814'),
('CP-00003', '00648', '3614'),
('CP-00003', '00659', '7874'),
('CP-00003', '00660', '1245'),
('CP-00003', '00661', '9874'),
('CP-00003', '00662', '6584'),
('CP-00003', '00663', '78125'),
('CP-00003', '00664', '4520'),
('CP-00003', '00665', '4522'),
('CP-00003', '00666', '7852'),
('CP-00003', '00667', '8965'),
('CP-00003', '00668', '4572'),
('CP-00003', '00669', '4528'),
('CP-00003', '00670', '6987'),
('CP-00003', '00671', '1248'),
('CP-00003', '00672', '78521'),
('CP-00003', '00673', '5698'),
('CP-00003', '00674', '32695'),
('CP-00003', '00675', '7855'),
('CP-00003', '00676', '1274'),
('CP-00003', '00677', '4521'),
('CP-00003', '00678', '3621'),
('CP-00003', '00679', '7852'),
('CP-00003', '00682', '4521'),
('CP-00003', '00683', '1258'),
('CP-00003', '00684', '3625'),
('CP-00003', '00685', '9814'),
('CP-00003', '00686', '3614'),
('CP-00003', '00688', '7874'),
('CP-00003', '00689', '1245'),
('CP-00003', '00690', '9874'),
('CP-00003', '00691', '6584'),
('CP-00003', '00693', '78125'),
('CP-00003', '00694', '4520'),
('CP-00003', '00695', '4522'),
('CP-00003', '00696', '7852'),
('CP-00003', '00697', '8965'),
('CP-00003', '00698', '4572'),
('CP-00003', '00699', '4528'),
('CP-00003', '00700', '6987'),
('CP-00003', '00701', '1248'),
('CP-00003', '00702', '78521'),
('CP-00003', '00703', '5698'),
('CP-00003', '00704', '32695'),
('CP-00003', '00706', '7855'),
('CP-00003', '00707', '1274'),
('CP-00003', '00708', '4521'),
('CP-00003', '00710', '3621'),
('CP-00003', '00711', '7852'),
('CP-00003', '00712', '4521'),
('CP-00003', '00713', '1258'),
('CP-00003', '00714', '3625'),
('CP-00003', '00715', '9814'),
('CP-00003', '00716', '3614'),
('CP-00003', '00717', '7874'),
('CP-00003', '00718', '1245'),
('CP-00003', '00719', '9874'),
('CP-00003', '00720', '6584'),
('CP-00003', '00722', '78125'),
('CP-00003', '00723', '4520'),
('CP-00003', '00724', '4522'),
('CP-00003', '00725', '7852'),
('CP-00003', '00726', '8965'),
('CP-00003', '00727', '4572'),
('CP-00003', '00728', '4528'),
('CP-00003', '00729', '6987'),
('CP-00003', '00732', '1248'),
('CP-00003', '00734', '78521'),
('CP-00003', '00735', '5698'),
('CP-00003', '00736', '32695'),
('CP-00003', '00737', '7855'),
('CP-00003', '00738', '1274'),
('CP-00003', '00739', '4521'),
('CP-00003', '00740', '3621'),
('CP-00003', '00741', '7852'),
('CP-00003', '00742', '4521'),
('CP-00003', '00743', '1258'),
('CP-00003', '00744', '3625'),
('CP-00003', '00745', '9814'),
('CP-00003', '00746', '3614'),
('CP-00003', '00747', '7874'),
('CP-00003', '00748', '1245'),
('CP-00003', '00751', '9874'),
('CP-00003', '00752', '6584'),
('CP-00003', '00753', '78125'),
('CP-00003', '00754', '4520'),
('CP-00003', '00755', '4522'),
('CP-00003', '00756', '7852'),
('CP-00003', '00757', '8965'),
('CP-00003', '00758', '4572'),
('CP-00003', '00759', '4528'),
('CP-00003', '00760', '6987'),
('CP-00003', '00761', '1248'),
('CP-00003', '00762', '78521'),
('CP-00003', '00763', '5698'),
('CP-00003', '00764', '32695'),
('CP-00003', '00765', '7855'),
('CP-00003', '00766', '1274'),
('CP-00003', '00767', '4521'),
('CP-00003', '00768', '3621'),
('CP-00003', '00771', '7852'),
('CP-00003', '00772', '4521'),
('CP-00003', '00773', '1258'),
('CP-00003', '00774', '3625'),
('CP-00003', '00775', '9814'),
('CP-00003', '00776', '3614'),
('CP-00003', '00777', '7874'),
('CP-00003', '00778', '1245'),
('CP-00003', '00779', '9874'),
('CP-00003', '00780', '6584'),
('CP-00003', '00781', '78125'),
('CP-00003', '00782', '4520'),
('CP-00003', '00783', '4522'),
('CP-00003', '00784', '7852'),
('CP-00003', '00785', '8965'),
('CP-00003', '00786', '4572'),
('CP-00003', '00787', '4528'),
('CP-00003', '00788', '6987'),
('CP-00003', '00789', '1248'),
('CP-00003', '00790', '78521'),
('CP-00003', '00791', '5698'),
('CP-00003', '00792', '32695'),
('CP-00003', '00793', '7855'),
('CP-00003', '00794', '1274'),
('CP-00003', '00795', '4521'),
('CP-00003', '00796', '3621'),
('CP-00003', '00797', '7852'),
('CP-00003', '00798', '4521'),
('CP-00003', '00799', '1258'),
('CP-00003', '00800', '3625'),
('CP-00003', '00801', '9814'),
('CP-00003', '00802', '3614'),
('CP-00003', '00803', '7874'),
('CP-00003', '00804', '1245'),
('CP-00003', '00805', '9874'),
('CP-00003', '00806', '6584'),
('CP-00003', '00807', '78125'),
('CP-00003', '00808', '4520'),
('CP-00003', '00809', '4522'),
('CP-00003', '00810', '7852'),
('CP-00003', '00811', '8965'),
('CP-00003', '00812', '4572'),
('CP-00003', '00813', '4528'),
('CP-00003', '00814', '6987'),
('CP-00003', '00815', '1248'),
('CP-00003', '00816', '78521'),
('CP-00003', '00817', '5698'),
('CP-00003', '00818', '32695'),
('CP-00003', '00819', '7855'),
('CP-00003', '00820', '1274'),
('CP-00003', '00822', '4521'),
('CP-00003', '00823', '3621'),
('CP-00003', '00824', '7852'),
('CP-00003', '00825', '4521'),
('CP-00003', '00826', '1258'),
('CP-00003', '00827', '3625'),
('CP-00003', '00828', '9814'),
('CP-00003', '00829', '3614'),
('CP-00003', '00830', '7874'),
('CP-00003', '00831', '1245'),
('CP-00003', '00832', '9874'),
('CP-00003', '00834', '6584'),
('CP-00003', '00835', '78125'),
('CP-00003', '00836', '4521'),
('CP-00003', '00837', '4520'),
('CP-00003', '00838', '4522'),
('CP-00003', '00839', '7852'),
('CP-00003', '00840', '8965'),
('CP-00003', '00842', '4572'),
('CP-00003', '00843', '4528'),
('CP-00003', '00844', '6987'),
('CP-00003', '00846', '1248'),
('CP-00003', '00847', '78521'),
('CP-00003', '00849', '5698'),
('CP-00003', '00850', '32695'),
('CP-00003', '00851', '7855'),
('CP-00003', '00852', '1274'),
('CP-00003', '00853', '4521'),
('CP-00003', '00854', '3621'),
('CP-00003', '00855', '7852');

-- --------------------------------------------------------

--
-- Estructura de tabla para la tabla `campanna_estados`
--

DROP TABLE IF EXISTS `campanna_estados`;
CREATE TABLE `campanna_estados` (
  `ID_Estado` int(11) NOT NULL,
  `Nombre` varchar(10) DEFAULT NULL
) ENGINE=InnoDB DEFAULT CHARSET=latin1;

--
-- Volcado de datos para la tabla `campanna_estados`
--

INSERT INTO `campanna_estados` (`ID_Estado`, `Nombre`) VALUES
(1, 'Activa'),
(2, 'Inactiva'),
(3, 'Aprobada');

-- --------------------------------------------------------

--
-- Estructura de tabla para la tabla `campanna_registros`
--

DROP TABLE IF EXISTS `campanna_registros`;
CREATE TABLE `campanna_registros` (
  `ID_Usuario` int(11) DEFAULT NULL,
  `ID_Campannas` varchar(10) DEFAULT NULL,
  `Num_CLI` varchar(10) DEFAULT NULL,
  `ID_CLIENTE` varchar(10) DEFAULT NULL,
  `Fecha` date DEFAULT NULL,
  `Hora` time DEFAULT NULL,
  `Duracion` time DEFAULT NULL,
  `Monto` decimal(10,4) DEFAULT NULL,
  `Unidad` int(11) DEFAULT NULL,
  `Comentarios` varchar(500) DEFAULT NULL,
  `ID_TPF` int(11) DEFAULT NULL,
  `EXT` int(11) DEFAULT NULL
) ENGINE=InnoDB DEFAULT CHARSET=latin1;

--
-- Volcado de datos para la tabla `campanna_registros`
--

INSERT INTO `campanna_registros` (`ID_Usuario`, `ID_Campannas`, `Num_CLI`, `ID_CLIENTE`, `Fecha`, `Hora`, `Duracion`, `Monto`, `Unidad`, `Comentarios`, `ID_TPF`, `EXT`) VALUES
(4, 'CP-00001', '8665-2699', '00592', '2017-11-07', '15:06:27', '00:00:37', '0.0000', 0, 'Marque  y no contesto', 1, 103),
(4, 'CP-00001', '22544104', '00065', '2017-11-07', '15:12:44', '00:00:42', '0.0000', 0, 'estaba abastecido', 5, 103),
(4, 'CP-00001', '2782-2441', '00449', '2017-11-07', '15:16:28', '00:00:05', '0.0000', 0, 'llamada de prueba', 1, 103),
(4, 'CP-00001', '8920-9755', '00498', '2017-11-07', '15:21:46', '00:01:38', '0.0000', 0, '', 5, 103),
(4, 'CP-00001', '2775-4048', '00543', '2017-11-07', '15:30:58', '00:00:35', '0.0000', 0, '', 3, 103),
(4, 'CP-00001', '27823005', '00462', '2017-11-07', '15:42:30', '00:00:44', '0.0000', 0, '', 1, 103),
(4, 'CP-00001', '8440-7405', '00486', '2017-11-07', '15:47:13', '00:00:59', '0.0000', 0, '', 5, 103),
(4, 'CP-00001', '2266-2309', '00051', '2017-11-07', '17:01:57', '00:00:08', '0.0000', 0, '', 1, 103),
(2, 'CP-00001', '82449100', '00001', '2017-11-08', '10:38:39', '00:00:08', '0.0000', 0, '', 1, 101);

-- --------------------------------------------------------

--
-- Estructura de tabla para la tabla `campanna_tipificacion`
--

DROP TABLE IF EXISTS `campanna_tipificacion`;
CREATE TABLE `campanna_tipificacion` (
  `ID_TPF` int(11) NOT NULL,
  `Tipificacion` varchar(100) DEFAULT NULL,
  `Fecha_TPF` datetime DEFAULT NULL,
  `Activa` int(1) DEFAULT NULL
) ENGINE=InnoDB DEFAULT CHARSET=latin1;

--
-- Volcado de datos para la tabla `campanna_tipificacion`
--

INSERT INTO `campanna_tipificacion` (`ID_TPF`, `Tipificacion`, `Fecha_TPF`, `Activa`) VALUES
(1, 'No contesto', '2017-11-07 14:46:27', 1),
(2, 'linea ocupada', '2017-11-07 14:46:38', 1),
(3, 'llamar mas tarde', '2017-11-07 14:47:04', 1),
(4, 'numero fuera de servicio', '2017-11-07 14:47:26', 1),
(5, 'el cliente esta abastecido de productos', '2017-11-07 14:48:23', 1),
(6, 'el cliente solicita otros productos que no ESTÁN en la campaña', '2017-11-07 14:49:10', 1),
(7, 'cualquiera', '2017-12-05 12:19:32', 0);

-- --------------------------------------------------------

--
-- Estructura de tabla para la tabla `clientes`
--

DROP TABLE IF EXISTS `clientes`;
CREATE TABLE `clientes` (
  `ID_Cliente` varchar(10) DEFAULT NULL,
  `RUC` varchar(100) DEFAULT NULL,
  `Nombre` varchar(255) DEFAULT NULL,
  `Direccion` varchar(255) DEFAULT NULL,
  `Telefono1` varchar(10) DEFAULT NULL,
  `Telefono2` varchar(10) DEFAULT NULL,
  `Telefono3` varchar(10) DEFAULT NULL,
  `Vendedor` varchar(10) DEFAULT NULL
) ENGINE=InnoDB DEFAULT CHARSET=latin1;

--
-- Volcado de datos para la tabla `clientes`
--

INSERT INTO `clientes` (`ID_Cliente`, `RUC`, `Nombre`, `Direccion`, `Telefono1`, `Telefono2`, `Telefono3`, `Vendedor`) VALUES
('788', NULL, 'Pedro Pablo Lopez Calderon', 'Masaya, Nicaragua', '88268430', '88268431', '88268430', 'F02'),
('789', NULL, 'Maria Jose Perez G.', 'Managua, Nicaragua', '88268430', '88268431', '88268432', 'F05'),
('790', NULL, 'Bismarck Escobar M.', 'Niquinohomo', '88268431', '84426249', '84426249', 'F03'),
('791', NULL, 'CLIENTE DE PRUEBA', 'INFIERNO', '82449100', '82449100', '82449100', 'F05'),
('792', NULL, 'CLIENTE PRUEBA', 'CUALQUIERA', '88268432', '88268433', '88268434', 'F09'),
('3000', NULL, 'Roberto Jose Perez Gaitan', 'Nose', '88268430', '88268450', '88568720', 'F02'),
('1788', NULL, 'Jose Alberto Sanchez', 'Masaya, Nicaragua', '88268430', '88268431', '88268430', 'F09'),
('2789', NULL, 'Pedro Hernandez Lopez', 'Managua, Nicaragua', '88268430', '88268431', '88268432', 'F04'),
('4790', NULL, 'Laura Perez Guitierrez', 'Niquinohomo', '88268431', '84426249', '84426249', 'F09'),
('2791', NULL, 'Jorge Guadamuz', 'INFIERNO', '82449100', '82449100', '82449100', 'F06'),
('8792', NULL, 'Daniel Ortega', 'CUALQUIERA', '88268432', '88268433', '88268434', 'F02'),
('03100', NULL, 'Emely Espinoza', 'Nose', '88268430', '88268450', '88568720', 'F03'),
('03200', NULL, 'Prueba nombre cualquiera', 'CUALQUIERA', '5', '5', '5', 'F03'),
('0001', 'N/D', 'Bismarck Escobar', 'Masaya', '88268432', '', '', 'F05'),
('0002', '0001', 'Juan Perez', 'Managua', '88451247', '', '', 'F02'),
('455', 'N/D', 'maradona', 'Argentina', '78', '', '', 'F02');

-- --------------------------------------------------------

--
-- Estructura de tabla para la tabla `grupos`
--

DROP TABLE IF EXISTS `grupos`;
CREATE TABLE `grupos` (
  `IdGrupo` int(11) NOT NULL,
  `NombreGrupo` varchar(50) COLLATE utf8_spanish_ci NOT NULL,
  `IdResponsable` int(11) NOT NULL,
  `Estado` int(11) NOT NULL,
  `FechaCreada` datetime NOT NULL
) ENGINE=InnoDB DEFAULT CHARSET=utf8 COLLATE=utf8_spanish_ci;

--
-- Volcado de datos para la tabla `grupos`
--

INSERT INTO `grupos` (`IdGrupo`, `NombreGrupo`, `IdResponsable`, `Estado`, `FechaCreada`) VALUES
(1, 'AG1', 2, 1, '2017-11-07 09:01:33'),
(2, 'AG2', 3, 1, '2017-11-07 09:01:56'),
(3, 'AG3', 4, 1, '2017-11-07 09:02:08');

-- --------------------------------------------------------

--
-- Estructura de tabla para la tabla `grupo_asignacion`
--

DROP TABLE IF EXISTS `grupo_asignacion`;
CREATE TABLE `grupo_asignacion` (
  `IdGrupo` int(11) NOT NULL,
  `Vendedor` varchar(10) NOT NULL,
  `fechaCreacion` date NOT NULL,
  `ID_User` int(11) NOT NULL
) ENGINE=InnoDB DEFAULT CHARSET=latin1;

--
-- Volcado de datos para la tabla `grupo_asignacion`
--

INSERT INTO `grupo_asignacion` (`IdGrupo`, `Vendedor`, `fechaCreacion`, `ID_User`) VALUES
(2, 'F05', '2017-11-07', 1),
(2, 'F07', '2017-11-07', 1),
(2, 'F08', '2017-11-07', 1),
(2, 'F11', '2017-11-07', 1),
(1, 'F06', '2017-12-05', 1),
(1, 'F09', '2017-12-05', 1),
(1, 'F14', '2017-12-05', 1),
(1, 'F19', '2017-12-05', 1),
(1, 'F05', '2017-12-05', 1),
(3, 'F03', '2017-12-05', 1),
(3, 'F10', '2017-12-05', 1),
(3, 'F13', '2017-12-05', 1),
(3, 'F20', '2017-12-05', 1),
(3, 'F05', '2017-12-05', 1);

-- --------------------------------------------------------

--
-- Estructura de tabla para la tabla `llaves`
--

DROP TABLE IF EXISTS `llaves`;
CREATE TABLE `llaves` (
  `concepto` varchar(50) NOT NULL,
  `valor` int(11) NOT NULL
) ENGINE=InnoDB DEFAULT CHARSET=latin1;

--
-- Volcado de datos para la tabla `llaves`
--

INSERT INTO `llaves` (`concepto`, `valor`) VALUES
('campaña', 0),
('Campaña', 1),
('Campaña', 2),
('Campaña', 3);

-- --------------------------------------------------------

--
-- Estructura de tabla para la tabla `roles`
--

DROP TABLE IF EXISTS `roles`;
CREATE TABLE `roles` (
  `idRol` int(11) NOT NULL,
  `descripcion` varchar(30) COLLATE utf8_spanish_ci NOT NULL,
  `tipo` int(11) NOT NULL
) ENGINE=InnoDB DEFAULT CHARSET=utf8 COLLATE=utf8_spanish_ci;

--
-- Volcado de datos para la tabla `roles`
--

INSERT INTO `roles` (`idRol`, `descripcion`, `tipo`) VALUES
(1, 'admin', 0),
(2, 'Agente', 1),
(3, 'Supervisor', 2),
(4, 'Gerente', 3);

-- --------------------------------------------------------

--
-- Estructura de tabla para la tabla `usuario`
--

DROP TABLE IF EXISTS `usuario`;
CREATE TABLE `usuario` (
  `IdUser` int(11) NOT NULL,
  `Usuario` varchar(50) COLLATE utf8_spanish_ci NOT NULL,
  `Nombre` varchar(50) COLLATE utf8_spanish_ci NOT NULL,
  `contrasenia` varchar(50) COLLATE utf8_spanish_ci NOT NULL,
  `Rol` int(1) NOT NULL,
  `EXT` int(11) DEFAULT NULL,
  `Activo` bit(1) NOT NULL
) ENGINE=InnoDB DEFAULT CHARSET=utf8 COLLATE=utf8_spanish_ci;

--
-- Volcado de datos para la tabla `usuario`
--

INSERT INTO `usuario` (`IdUser`, `Usuario`, `Nombre`, `contrasenia`, `Rol`, `EXT`, `Activo`) VALUES
(1, 'AD', 'AD', 'e10adc3949ba59abbe56e057f20f883e', 0, 0, b'1'),
(2, 'AG1', 'TATIANA ALEMAN', '9105c220908297ce37e8734b8a6d403c', 1, 101, b'1'),
(3, 'AG2', 'SARA ALEMAN', '4e153f85b1a74d1d9a43c2c1193c4cbb', 1, 102, b'1'),
(4, 'AG3', 'REYNA ALVAREZ', 'be5900d09064a3c5721702e0a35f119d', 1, 103, b'1'),
(5, 'AG4', 'MARIA ALEJANDRA', '1376e36b6fb44ffe2ae4d7869f6f9a04', 2, 104, b'1');

-- --------------------------------------------------------

--
-- Estructura de tabla para la tabla `usuario_registros`
--

DROP TABLE IF EXISTS `usuario_registros`;
CREATE TABLE `usuario_registros` (
  `ID_Usuario` int(11) DEFAULT NULL,
  `session_id` varchar(100) DEFAULT NULL,
  `UserName` varchar(10) DEFAULT NULL,
  `Nombre` varchar(10) DEFAULT NULL,
  `FechaInicio` datetime DEFAULT NULL,
  `FechaFinal` datetime DEFAULT NULL,
  `Tiempo_Total` time DEFAULT NULL,
  `Tipo` varchar(10) DEFAULT NULL,
  `Tipo_de_Usuario` int(1) DEFAULT NULL
) ENGINE=InnoDB DEFAULT CHARSET=latin1;

--
-- Volcado de datos para la tabla `usuario_registros`
--

INSERT INTO `usuario_registros` (`ID_Usuario`, `session_id`, `UserName`, `Nombre`, `FechaInicio`, `FechaFinal`, `Tiempo_Total`, `Tipo`, `Tipo_de_Usuario`) VALUES
(5, 'e0bb97649af5989d42ec212822d8e492e6f56ee6', 'AG4', 'MARIA ALEJ', '2017-11-07 14:36:46', '2017-11-07 15:40:16', '01:03:30', 'ON', 2),
(4, '41c83fc136605a4a7aec420d255f73ccfc9ddaeb', 'AG3', 'REYNA ALVA', '2017-11-07 14:56:34', '2017-11-07 18:00:00', '03:03:26', 'ON', 1),
(4, '41c83fc136605a4a7aec420d255f73ccfc9ddaeb', 'AG3', 'REYNA ALVA', '2017-11-07 15:31:59', '2017-11-07 15:32:39', '00:00:40', 'PAUSA', 1),
(5, '3135c66d9251ed39328dbf03908bc8420ef813c7', 'AG4', 'MARIA ALEJ', '2017-11-07 15:41:02', '2017-11-07 15:41:09', '00:00:07', 'ON', 2),
(1, 'f6b8b7f7f921252ca350e48f86bfbff1c36fe4df', 'AD', 'AD', '2017-11-07 16:48:05', '2017-11-07 17:28:42', '00:40:37', 'ON', 0),
(1, 'f0048bc3b1a2740726bca217105450190b509782', 'AD', 'AD', '2017-11-07 17:29:17', '2017-11-07 17:29:51', '00:00:34', 'ON', 0),
(1, '1aa96b49d401186415fccee9110984ba5f0ad225', 'AD', 'AD', '2017-11-07 17:30:52', '2017-11-07 17:52:12', '00:21:20', 'ON', 0),
(4, '411f55b0e9eabc2c6db95db050fc6fe99c02500a', 'AG3', 'REYNA ALVA', '2017-11-08 07:50:24', '2017-11-08 08:15:02', '00:24:38', 'ON', 1),
(1, 'ac366ff4a996456416a424d33057efcb68bc7ca9', 'AD', 'AD', '2017-11-08 07:57:21', '2017-11-08 08:31:52', '00:34:31', 'ON', 0),
(4, 'b2906910b1b17c55edc68f7fd7e05357a3cf4440', 'AG3', 'REYNA ALVA', '2017-11-08 08:15:27', '2017-11-08 18:09:38', '09:54:11', 'ON', 1),
(1, '7bf9a284555720d33abb0b9afab63940cbe0318e', 'AD', 'AD', '2017-11-08 08:53:19', '2017-11-08 17:13:01', '08:19:42', 'ON', 0),
(1, 'cd81e341ab225361a252749cb2df8f175e35dfb1', 'AD', 'AD', '2017-11-08 09:13:19', '2017-11-08 09:50:37', '00:37:18', 'ON', 0),
(2, '6081a1b63a507f7d7aee7562dd4c6d32f78e463c', 'AG1', 'TATIANA AL', '2017-11-08 10:35:52', '2017-11-08 10:39:39', '00:03:47', 'ON', 1),
(1, '4c8749de7762d39692f270e059f1a9a8b61f0862', 'AD', 'AD', '2017-11-08 10:36:26', '2017-11-08 10:39:30', '00:03:04', 'ON', 0),
(2, '37c7d8ffa694e21aa29157aa51894029c5084935', 'AG1', 'TATIANA AL', '2017-11-08 14:53:51', '2017-11-08 14:54:32', '00:00:41', 'ON', 1),
(2, '539bec60fe1287fb746d727ac3955fc9bae19d37', 'AG1', 'TATIANA AL', '2017-11-08 15:15:33', '2017-11-08 15:16:01', '00:00:28', 'ON', 1),
(4, 'fdfbbb6834a1ac18d6a8913ec6e346f948274a16', 'AG3', 'REYNA ALVA', '2017-11-09 07:46:48', '2017-11-09 18:00:06', '00:00:00', 'ON', 1),
(1, '74b12c56312e484bc757311e75797b8220f3e8e4', 'AD', 'AD', '2017-11-09 08:22:16', '2017-11-09 18:23:34', '10:01:18', 'ON', 0),
(4, '5470319f9ca342b5a788019f3b5b1e327f10086d', 'AG3', 'REYNA ALVA', '2017-11-10 07:59:17', NULL, NULL, 'ON', 1),
(1, 'f25b578005b2cf9b9bc6b958c5a39aac471a9bee', 'AD', 'AD', '2017-11-10 08:14:27', NULL, NULL, 'ON', 0),
(1, '1e660e72ddbb6edb82b107af769b9f6a09a17101', 'AD', 'AD', '2017-11-10 08:27:15', '2017-11-10 08:35:25', '00:08:10', 'ON', 0),
(1, '6c4168b25fec18bfaae38be23105fbd29faf6976', 'AD', 'AD', '2017-11-10 13:12:18', '2017-11-10 18:04:49', '04:52:31', 'ON', 0),
(1, '142f04669b347f8dfcf402a1c3fc8c08d3c385c7', 'AD', 'AD', '2017-11-20 11:02:49', '2017-11-20 14:23:53', '03:21:04', 'ON', 0),
(1, '97425dfab686eabaec79e5541f5abe8a829f5459', 'AD', 'AD', '2017-11-20 17:42:16', '2017-11-20 18:09:26', '00:27:10', 'ON', 0),
(1, 'f721a9591e126e2e8351c4f2c3b07b7addb60a1d', 'AD', 'AD', '2017-11-21 08:57:57', '2017-11-21 08:58:26', '00:00:29', 'ON', 0),
(1, '41712f75edceb4369c5756a409e4804d27f31569', 'AD', 'AD', '2017-11-23 16:28:15', '2017-11-23 17:07:04', '00:38:49', 'ON', 0),
(1, 'f535e82f8816b558d8f38635bf04f7e68a6b317a', 'AD', 'AD', '2017-11-27 14:25:58', NULL, NULL, 'ON', 0),
(1, '47bdc39ac23237b15724fadea1f6fb63fa93a9bd', 'AD', 'AD', '2017-11-27 15:50:28', '2017-11-27 16:38:19', '00:47:51', 'ON', 0),
(1, 'ee67de7e16630d81919d58641b7ce4ed4809044f', 'AD', 'AD', '2017-11-28 14:49:46', '2017-11-28 14:55:05', '00:05:19', 'ON', 0),
(1, '0ca0c508827b1094a983ab7d934b062dd8fefa24', 'AD', 'AD', '2017-12-05 09:24:10', NULL, NULL, 'ON', 0);

-- --------------------------------------------------------

--
-- Estructura Stand-in para la vista `view_campannas_clientes`
--
DROP VIEW IF EXISTS `view_campannas_clientes`;
CREATE TABLE `view_campannas_clientes` (
`ID_Campannas` varchar(10)
,`ID_Cliente` varchar(10)
,`Nombre` varchar(255)
,`Telefono1` varchar(10)
,`Telefono2` varchar(10)
,`Telefono3` varchar(10)
,`Meta` decimal(10,0)
,`Vendedor` varchar(10)
);

-- --------------------------------------------------------

--
-- Estructura Stand-in para la vista `view_campannas_info`
--
DROP VIEW IF EXISTS `view_campannas_info`;
CREATE TABLE `view_campannas_info` (
`ID_Campannas` varchar(10)
,`Nombre` varchar(100)
,`Fecha_Inicio` datetime
,`Fecha_Cierre` datetime
,`TOTAL_LLAMADAS` bigint(21)
,`TIEMPO_TOTAL` time
,`TIEMPO_PROMEDIO` time(4)
,`Meta` decimal(10,2)
,`MONTO_REAL` decimal(32,4)
,`Observaciones` varchar(500)
,`Mensaje` varchar(500)
,`Estado` int(5)
);

-- --------------------------------------------------------

--
-- Estructura Stand-in para la vista `view_clientescampaniadetalle`
--
DROP VIEW IF EXISTS `view_clientescampaniadetalle`;
CREATE TABLE `view_clientescampaniadetalle` (
`ID_Campannas` varchar(10)
,`ID_Cliente` varchar(10)
,`Nombre` varchar(255)
,`Meta` decimal(10,0)
,`montoReal` decimal(32,4)
);

-- --------------------------------------------------------

--
-- Estructura Stand-in para la vista `view_monto_clientes`
--
DROP VIEW IF EXISTS `view_monto_clientes`;
CREATE TABLE `view_monto_clientes` (
`ID_Campannas` varchar(10)
,`ID_CLIENTE` varchar(10)
,`MONTO_REAL` decimal(32,4)
);

-- --------------------------------------------------------

--
-- Estructura Stand-in para la vista `view_vendedoresporgrupo`
--
DROP VIEW IF EXISTS `view_vendedoresporgrupo`;
CREATE TABLE `view_vendedoresporgrupo` (
`idUsuario` int(11)
,`vendedores` text
);

-- --------------------------------------------------------

--
-- Estructura para la vista `view_campannas_clientes`
--
DROP TABLE IF EXISTS `view_campannas_clientes`;

CREATE ALGORITHM=UNDEFINED DEFINER=`root`@`localhost` SQL SECURITY DEFINER VIEW `view_campannas_clientes`  AS  select `t0`.`ID_Campannas` AS `ID_Campannas`,`t1`.`ID_Cliente` AS `ID_Cliente`,`t1`.`Nombre` AS `Nombre`,`t1`.`Telefono1` AS `Telefono1`,`t1`.`Telefono2` AS `Telefono2`,`t1`.`Telefono3` AS `Telefono3`,`t0`.`Meta` AS `Meta`,`t1`.`Vendedor` AS `Vendedor` from (`campanna_cliente` `t0` join `clientes` `t1` on((`t0`.`ID_Cliente` = `t1`.`ID_Cliente`))) ;

-- --------------------------------------------------------

--
-- Estructura para la vista `view_campannas_info`
--
DROP TABLE IF EXISTS `view_campannas_info`;

CREATE ALGORITHM=UNDEFINED DEFINER=`root`@`localhost` SQL SECURITY DEFINER VIEW `view_campannas_info`  AS  select `t0`.`ID_Campannas` AS `ID_Campannas`,`t1`.`Nombre` AS `Nombre`,`t1`.`Fecha_Inicio` AS `Fecha_Inicio`,`t1`.`Fecha_Cierre` AS `Fecha_Cierre`,count(`t0`.`ID_Campannas`) AS `TOTAL_LLAMADAS`,sec_to_time(sum(time_to_sec(`t0`.`Duracion`))) AS `TIEMPO_TOTAL`,sec_to_time(avg(time_to_sec(`t0`.`Duracion`))) AS `TIEMPO_PROMEDIO`,`t1`.`Meta` AS `Meta`,sum(`t0`.`Monto`) AS `MONTO_REAL`,`t1`.`Observaciones` AS `Observaciones`,`t1`.`Mensaje` AS `Mensaje`,`t1`.`Estado` AS `Estado` from (`campanna_registros` `t0` join `campanna` `t1` on((`t0`.`ID_Campannas` = `t1`.`ID_Campannas`))) group by `t0`.`ID_Campannas` ;

-- --------------------------------------------------------

--
-- Estructura para la vista `view_clientescampaniadetalle`
--
DROP TABLE IF EXISTS `view_clientescampaniadetalle`;

CREATE ALGORITHM=UNDEFINED DEFINER=`root`@`localhost` SQL SECURITY DEFINER VIEW `view_clientescampaniadetalle`  AS  select `cc`.`ID_Campannas` AS `ID_Campannas`,`cc`.`ID_Cliente` AS `ID_Cliente`,`cl`.`Nombre` AS `Nombre`,`cc`.`Meta` AS `Meta`,(select `view_monto_clientes`.`MONTO_REAL` from `view_monto_clientes` where ((`view_monto_clientes`.`ID_CLIENTE` = `cc`.`ID_Cliente`) and (`view_monto_clientes`.`ID_Campannas` = `cc`.`ID_Campannas`))) AS `montoReal` from (`campanna_cliente` `cc` join `clientes` `cl` on((`cl`.`ID_Cliente` = `cc`.`ID_Cliente`))) ;

-- --------------------------------------------------------

--
-- Estructura para la vista `view_monto_clientes`
--
DROP TABLE IF EXISTS `view_monto_clientes`;

CREATE ALGORITHM=UNDEFINED DEFINER=`root`@`localhost` SQL SECURITY DEFINER VIEW `view_monto_clientes`  AS  select `t0`.`ID_Campannas` AS `ID_Campannas`,`t0`.`ID_CLIENTE` AS `ID_CLIENTE`,sum(`t0`.`Monto`) AS `MONTO_REAL` from `campanna_registros` `t0` group by `t0`.`ID_Campannas`,`t0`.`ID_CLIENTE` ;

-- --------------------------------------------------------

--
-- Estructura para la vista `view_vendedoresporgrupo`
--
DROP TABLE IF EXISTS `view_vendedoresporgrupo`;

CREATE ALGORITHM=UNDEFINED DEFINER=`root`@`localhost` SQL SECURITY DEFINER VIEW `view_vendedoresporgrupo`  AS  select `gp`.`IdResponsable` AS `idUsuario`,group_concat(`ga`.`Vendedor` separator ', ') AS `vendedores` from (`grupo_asignacion` `ga` join `grupos` `gp` on((`ga`.`IdGrupo` = `gp`.`IdGrupo`))) group by `gp`.`NombreGrupo` ;

--
-- Índices para tablas volcadas
--

--
-- Indices de la tabla `campanna_estados`
--
ALTER TABLE `campanna_estados`
  ADD PRIMARY KEY (`ID_Estado`);

--
-- Indices de la tabla `campanna_tipificacion`
--
ALTER TABLE `campanna_tipificacion`
  ADD PRIMARY KEY (`ID_TPF`);

--
-- Indices de la tabla `grupos`
--
ALTER TABLE `grupos`
  ADD PRIMARY KEY (`IdGrupo`);

--
-- Indices de la tabla `roles`
--
ALTER TABLE `roles`
  ADD PRIMARY KEY (`idRol`);

--
-- Indices de la tabla `usuario`
--
ALTER TABLE `usuario`
  ADD PRIMARY KEY (`IdUser`);

--
-- AUTO_INCREMENT de las tablas volcadas
--

--
-- AUTO_INCREMENT de la tabla `campanna_estados`
--
ALTER TABLE `campanna_estados`
  MODIFY `ID_Estado` int(11) NOT NULL AUTO_INCREMENT, AUTO_INCREMENT=4;
--
-- AUTO_INCREMENT de la tabla `campanna_tipificacion`
--
ALTER TABLE `campanna_tipificacion`
  MODIFY `ID_TPF` int(11) NOT NULL AUTO_INCREMENT, AUTO_INCREMENT=8;
--
-- AUTO_INCREMENT de la tabla `grupos`
--
ALTER TABLE `grupos`
  MODIFY `IdGrupo` int(11) NOT NULL AUTO_INCREMENT, AUTO_INCREMENT=4;
--
-- AUTO_INCREMENT de la tabla `roles`
--
ALTER TABLE `roles`
  MODIFY `idRol` int(11) NOT NULL AUTO_INCREMENT, AUTO_INCREMENT=5;
--
-- AUTO_INCREMENT de la tabla `usuario`
--
ALTER TABLE `usuario`
  MODIFY `IdUser` int(11) NOT NULL AUTO_INCREMENT, AUTO_INCREMENT=6;
/*!40101 SET CHARACTER_SET_CLIENT=@OLD_CHARACTER_SET_CLIENT */;
/*!40101 SET CHARACTER_SET_RESULTS=@OLD_CHARACTER_SET_RESULTS */;
/*!40101 SET COLLATION_CONNECTION=@OLD_COLLATION_CONNECTION */;
